variable,interval,clusters,time_steps,total_cells,data_points,nan_count,mean,min,max,check_no_nans,check_dims,check_stats,file_size_mb,status
cluster_EMUB_long,1990-1995,1421,6,8526,8526,0,0.08298450218852715,-2.928252783347543,3.688174571806762,PASS,PASS,PASS,0.08,SUCCESS
cluster_EMUB_long,1995-2000,1421,6,8526,8526,0,0.03401736283067044,-2.998171381633115,3.78241268253949,PASS,PASS,PASS,0.08,SUCCESS
cluster_EMUB_long,2000-2005,1421,6,8526,8526,0,-0.009767065510095254,-3.02021093978835,3.784692636831411,PASS,PASS,PASS,0.08,SUCCESS
cluster_EMUB_long,2005-2010,1421,6,8526,8526,0,0.04653527279359219,-3.12736879150863,3.75505323103644,PASS,PASS,PASS,0.08,SUCCESS
cluster_EMUB_long,2010-2015,1421,6,8526,8526,0,-0.021716725077716537,-3.077209797086371,3.5992563544218488,PASS,PASS,PASS,0.08,SUCCESS
cluster_EMUB_long,2015-2020,1421,6,8526,8526,0,-0.10768788449095529,-3.125088837216709,3.5407375275958795,PASS,PASS,PASS,0.08,SUCCESS
cluster_PMB_long,1990-1995,1421,6,8526,8526,0,-0.29990110971304457,-2.068604279143664,2.9103426832365753,PASS,PASS,PASS,0.08,SUCCESS
cluster_PMB_long,1995-2000,1421,6,8526,8526,0,-0.15619456524242337,-2.0678653437084638,3.2938501741055783,PASS,PASS,PASS,0.08,SUCCESS
cluster_PMB_long,2000-2005,1421,6,8526,8526,0,-0.02379265824125295,-2.0678653437084638,3.384000297200026,PASS,PASS,PASS,0.08,SUCCESS
cluster_PMB_long,2005-2010,1421,6,8526,8526,0,0.042539407331390784,-2.0675697695343835,3.556911189036918,PASS,PASS,PASS,0.08,SUCCESS
cluster_PMB_long,2010-2015,1421,6,8526,8526,0,0.16341832430206849,-2.0585547572249387,3.686963825632186,PASS,PASS,PASS,0.08,SUCCESS
cluster_PMB_long,2015-2020,1421,6,8526,8526,0,0.23318726299892586,-2.0675697695343835,3.5074025148784913,PASS,PASS,PASS,0.08,SUCCESS
cluster_PUB_long,1990-1995,1421,6,8526,8526,0,0.467924649639021,-3.356890810242196,6.591192920922991,PASS,PASS,PASS,0.08,SUCCESS
cluster_PUB_long,1995-2000,1421,6,8526,8526,0,0.2632489272256326,-3.0792405189822727,5.297594973007442,PASS,PASS,PASS,0.08,SUCCESS
cluster_PUB_long,2000-2005,1421,6,8526,8526,0,0.07189397089714587,-2.773194175207131,3.8367758269467114,PASS,PASS,PASS,0.08,SUCCESS
cluster_PUB_long,2005-2010,1421,6,8526,8526,0,-0.18678494928033643,-3.0019401538019537,3.759475461766393,PASS,PASS,PASS,0.08,SUCCESS
cluster_PUB_long,2010-2015,1421,6,8526,8526,0,-0.30452273054871093,-2.7826595260455376,4.174373340183209,PASS,PASS,PASS,0.08,SUCCESS
cluster_PUB_long,2015-2020,1421,6,8526,8526,0,-0.2752336163719728,-3.047689349520918,4.286379991771018,PASS,PASS,PASS,0.08,SUCCESS
cluster_age_18_25_long,1990-1995,1421,6,8526,8526,0,0.19947765487791108,-2.143872801541008,8.384825663440393,PASS,PASS,PASS,0.08,SUCCESS
cluster_age_18_25_long,1995-2000,1421,6,8526,8526,0,0.1113855266672309,-2.0892298748532063,8.63196071823295,PASS,PASS,PASS,0.08,SUCCESS
cluster_age_18_25_long,2000-2005,1421,6,8526,8526,0,-0.18756804836058552,-2.0867461054583067,8.27305604066989,PASS,PASS,PASS,0.08,SUCCESS
cluster_age_18_25_long,2005-2010,1421,6,8526,8526,0,-0.1607722084179536,-2.0283775246781546,8.494111516815996,PASS,PASS,PASS,0.08,SUCCESS
cluster_age_18_25_long,2010-2015,1421,6,8526,8526,0,0.04686217348339501,-2.0544571033246055,8.463064399379745,PASS,PASS,PASS,0.08,SUCCESS
cluster_age_18_25_long,2015-2020,1421,6,8526,8526,0,-0.0036100540141689426,-2.0954392983404566,7.686886463473473,PASS,PASS,PASS,0.08,SUCCESS
cluster_age_26_40_long,1990-1995,1421,6,8526,8526,0,-0.2330591359361604,-3.704836163174062,2.726761256227123,PASS,PASS,PASS,0.08,SUCCESS
cluster_age_26_40_long,1995-2000,1421,6,8526,8526,0,0.08290978813946835,-3.7131591620992013,3.1137807062460876,PASS,PASS,PASS,0.08,SUCCESS
cluster_age_26_40_long,2000-2005,1421,6,8526,8526,0,0.30145079086870563,-3.496553115072458,3.594433894172865,PASS,PASS,PASS,0.08,SUCCESS
cluster_age_26_40_long,2005-2010,1421,6,8526,8526,0,0.07982448972839068,-3.1347107368020386,3.5705052722630914,PASS,PASS,PASS,0.08,SUCCESS
cluster_age_26_40_long,2010-2015,1421,6,8526,8526,0,-0.07269441676526452,-3.3542298334525804,2.8266372433287903,PASS,PASS,PASS,0.08,SUCCESS
cluster_age_26_40_long,2015-2020,1421,6,8526,8526,0,-0.09162889765333325,-3.0629248710727146,2.665379139154222,PASS,PASS,PASS,0.08,SUCCESS
cluster_age_41_55_long,1990-1995,1421,6,8526,8526,0,-0.03231945091061808,-3.0250962439776665,3.6198348274034826,PASS,PASS,PASS,0.08,SUCCESS
cluster_age_41_55_long,1995-2000,1421,6,8526,8526,0,-0.0013656295605433515,-3.050599721511273,3.9654069479838494,PASS,PASS,PASS,0.08,SUCCESS
cluster_age_41_55_long,2000-2005,1421,6,8526,8526,0,-0.10959023173502015,-3.050599721511273,3.69124456449758,PASS,PASS,PASS,0.08,SUCCESS
cluster_age_41_55_long,2005-2010,1421,6,8526,8526,0,-0.030827859417287936,-3.0493245476345923,3.8710440811095053,PASS,PASS,PASS,0.08,SUCCESS
cluster_age_41_55_long,2010-2015,1421,6,8526,8526,0,-0.00234780958026652,-3.0225458962243055,3.505069178502254,PASS,PASS,PASS,0.08,SUCCESS
cluster_age_41_55_long,2015-2020,1421,6,8526,8526,0,0.13422447920335673,-2.9975524882413715,3.6147341318967614,PASS,PASS,PASS,0.08,SUCCESS
cluster_age_56_69_long,1990-1995,1421,6,8526,8526,0,0.10010588190451673,-1.9487907237859903,7.057112258170722,PASS,PASS,PASS,0.08,SUCCESS
cluster_age_56_69_long,1995-2000,1421,6,8526,8526,0,-0.18688700766957259,-1.9499105824010063,5.614734362030427,PASS,PASS,PASS,0.08,SUCCESS
cluster_age_56_69_long,2000-2005,1421,6,8526,8526,0,-0.0587395609932629,-1.9487907237859903,6.130989183552693,PASS,PASS,PASS,0.08,SUCCESS
cluster_age_56_69_long,2005-2010,1421,6,8526,8526,0,0.08659562701725453,-1.9487907237859903,7.54313089708756,PASS,PASS,PASS,0.08,SUCCESS
cluster_age_56_69_long,2010-2015,1421,6,8526,8526,0,0.036954603681686266,-1.9499105824010063,7.531932310937402,PASS,PASS,PASS,0.08,SUCCESS
cluster_age_56_69_long,2015-2020,1421,6,8526,8526,0,-0.017957189345442427,-1.9499105824010063,6.842099404087697,PASS,PASS,PASS,0.08,SUCCESS
cluster_counts_long,1990-1995,1421,6,8526,8526,0,-0.15494219430857775,-1.2312055400709254,5.676940878545817,PASS,PASS,PASS,0.08,SUCCESS
cluster_counts_long,1995-2000,1421,6,8526,8526,0,-0.08782255183730689,-1.2227655322289992,6.098941270642135,PASS,PASS,PASS,0.08,SUCCESS
cluster_counts_long,2000-2005,1421,6,8526,8526,0,-0.05096161446856518,-1.2227655322289992,6.246641407875847,PASS,PASS,PASS,0.08,SUCCESS
cluster_counts_long,2005-2010,1421,6,8526,8526,0,-0.03058324226191535,-1.2354255439918886,6.791021913680098,PASS,PASS,PASS,0.08,SUCCESS
cluster_counts_long,2010-2015,1421,6,8526,8526,0,0.09423601985353612,-1.19744550870322,11.513206301237908,PASS,PASS,PASS,0.08,SUCCESS
cluster_counts_long,2015-2020,1421,6,8526,8526,0,0.18696523573256635,-1.201665512624183,12.948007634365393,PASS,PASS,PASS,0.08,SUCCESS
cluster_crime_main_y_long,1990-1995,1421,6,8526,8526,0,0.39478430495813543,-0.85655518809986,9.664912734462593,PASS,PASS,PASS,0.08,SUCCESS
cluster_crime_main_y_long,1995-2000,1421,6,8526,8526,0,0.11332217328848616,-0.85655518809986,11.747920112195331,PASS,PASS,PASS,0.08,SUCCESS
cluster_crime_main_y_long,2000-2005,1421,6,8526,8526,0,-0.011644502283529258,-0.85655518809986,11.747920112195331,PASS,PASS,PASS,0.08,SUCCESS
cluster_crime_main_y_long,2005-2010,1421,6,8526,8526,0,-0.03576812098037894,-0.85655518809986,10.957289574661738,PASS,PASS,PASS,0.08,SUCCESS
cluster_crime_main_y_long,2010-2015,1421,6,8526,8526,0,-0.1593170714099811,-0.85655518809986,10.493554355531456,PASS,PASS,PASS,0.08,SUCCESS
cluster_crime_main_y_long,2015-2020,1421,6,8526,8526,0,-0.2860108750328484,-0.85655518809986,9.17837086521115,PASS,PASS,PASS,0.08,SUCCESS
cluster_disp_inc_long,1990-1995,1421,6,8526,8526,0,-0.8659144021990823,-2.815228678846325,1.536335488075178,PASS,PASS,PASS,0.08,SUCCESS
cluster_disp_inc_long,1995-2000,1421,6,8526,8526,0,-0.4920336300909942,-2.62843130617792,2.1984465554652197,PASS,PASS,PASS,0.08,SUCCESS
cluster_disp_inc_long,2000-2005,1421,6,8526,8526,0,-0.12968593560791258,-2.5988977133820272,3.311011733668973,PASS,PASS,PASS,0.08,SUCCESS
cluster_disp_inc_long,2005-2010,1421,6,8526,8526,0,0.20410593184323794,-2.4661485255892672,3.5219617435356154,PASS,PASS,PASS,0.08,SUCCESS
cluster_disp_inc_long,2010-2015,1421,6,8526,8526,0,0.4384096698402831,-2.461520821252321,4.730113498109434,PASS,PASS,PASS,0.08,SUCCESS
cluster_disp_inc_long,2015-2020,1421,6,8526,8526,0,0.8599995492429948,-2.4368443924744367,5.564332850892691,PASS,PASS,PASS,0.08,SUCCESS
cluster_emp_long,1990-1995,1421,6,8526,8526,0,-0.4381528984184584,-5.614372103375345,1.8817081263620807,PASS,PASS,PASS,0.08,SUCCESS
cluster_emp_long,1995-2000,1421,6,8526,8526,0,-0.04182487154682567,-5.217602403368269,2.146221259700132,PASS,PASS,PASS,0.08,SUCCESS
cluster_emp_long,2000-2005,1421,6,8526,8526,0,0.14968098120380988,-5.096259315627177,2.1101512869722154,PASS,PASS,PASS,0.08,SUCCESS
cluster_emp_long,2005-2010,1421,6,8526,8526,0,0.1758801082459164,-5.096259315627177,2.1083015447810407,PASS,PASS,PASS,0.08,SUCCESS
cluster_emp_long,2010-2015,1421,6,8526,8526,0,-0.039403045707525945,-5.096259315627177,2.221135818442727,PASS,PASS,PASS,0.08,SUCCESS
cluster_emp_long,2015-2020,1421,6,8526,8526,0,0.2031356884430696,-5.096259315627177,2.162868939420709,PASS,PASS,PASS,0.08,SUCCESS
cluster_grund_long,1990-1995,1421,6,8526,8526,0,0.7169911896846719,-1.8428722296803477,4.53653872723765,PASS,PASS,PASS,0.08,SUCCESS
cluster_grund_long,1995-2000,1421,6,8526,8526,0,0.3643740296216746,-1.8428722296803477,4.191344420558616,PASS,PASS,PASS,0.08,SUCCESS
cluster_grund_long,2000-2005,1421,6,8526,8526,0,0.08862891657816807,-1.8601712609945589,3.6456386145557707,PASS,PASS,PASS,0.08,SUCCESS
cluster_grund_long,2005-2010,1421,6,8526,8526,0,-0.08988869032166592,-1.8593849413893677,3.497810528779784,PASS,PASS,PASS,0.08,SUCCESS
cluster_grund_long,2010-2015,1421,6,8526,8526,0,-0.35287478556313073,-1.903418839280087,2.786191286081548,PASS,PASS,PASS,0.08,SUCCESS
cluster_grund_long,2015-2020,1421,6,8526,8526,0,-0.5971091779720531,-1.875111333493196,2.555799641760461,PASS,PASS,PASS,0.08,SUCCESS
cluster_gym_erhv_long,1990-1995,1421,6,8526,8526,0,0.5110926532794193,-3.3157287449274446,6.565882110964408,PASS,PASS,PASS,0.08,SUCCESS
cluster_gym_erhv_long,1995-2000,1421,6,8526,8526,0,0.49106463354765983,-2.882393663674106,5.900824040642063,PASS,PASS,PASS,0.08,SUCCESS
cluster_gym_erhv_long,2000-2005,1421,6,8526,8526,0,0.256451061026227,-3.022474792659324,5.561749158332048,PASS,PASS,PASS,0.08,SUCCESS
cluster_gym_erhv_long,2005-2010,1421,6,8526,8526,0,-0.07575659346212063,-3.2869270174725402,4.5628528834187625,PASS,PASS,PASS,0.08,SUCCESS
cluster_gym_erhv_long,2010-2015,1421,6,8526,8526,0,-0.3392999543467887,-3.610291866625334,3.247137606501525,PASS,PASS,PASS,0.08,SUCCESS
cluster_gym_erhv_long,2015-2020,1421,6,8526,8526,0,-0.655487404173326,-3.610291866625334,2.9303186044975726,PASS,PASS,PASS,0.08,SUCCESS
cluster_lvu_long,1990-1995,1421,6,8526,8526,0,-0.8317460573137618,-2.1377345045788294,2.0544859592520854,PASS,PASS,PASS,0.08,SUCCESS
cluster_lvu_long,1995-2000,1421,6,8526,8526,0,-0.5366153302609956,-2.1377345045788294,2.1766577792996444,PASS,PASS,PASS,0.08,SUCCESS
cluster_lvu_long,2000-2005,1421,6,8526,8526,0,-0.19767256624029922,-2.0302744743799286,2.434433923169626,PASS,PASS,PASS,0.08,SUCCESS
cluster_lvu_long,2005-2010,1421,6,8526,8526,0,0.10985761782571996,-1.966310170690107,2.635281836755666,PASS,PASS,PASS,0.08,SUCCESS
cluster_lvu_long,2010-2015,1421,6,8526,8526,0,0.45254881307977124,-1.8223904873880081,2.754895084655633,PASS,PASS,PASS,0.08,SUCCESS
cluster_lvu_long,2015-2020,1421,6,8526,8526,0,0.8055589074586783,-1.8441383506425475,2.7926340238326275,PASS,PASS,PASS,0.08,SUCCESS
cluster_mean_price_long,1990-1995,1421,4,5684,5684,0,-0.5410711857082848,-1.6268699811381973,2.8988006439469096,PASS,PASS,PASS,0.05,SUCCESS
cluster_mean_price_long,1995-2000,1421,6,8526,8526,0,-0.5705148511877064,-1.6268699811381973,2.8988006439469096,PASS,PASS,PASS,0.08,SUCCESS
cluster_mean_price_long,2000-2005,1421,6,8526,8526,0,-0.23905137568287735,-1.517508492809866,3.010575121004059,PASS,PASS,PASS,0.08,SUCCESS
cluster_mean_price_long,2005-2010,1421,6,8526,8526,0,0.22361645896967686,-1.4960350697232452,4.521170013410641,PASS,PASS,PASS,0.08,SUCCESS
cluster_mean_price_long,2010-2015,1421,6,8526,8526,0,0.21351327811005816,-1.4960350697232452,4.659783147845648,PASS,PASS,PASS,0.08,SUCCESS
cluster_mean_price_long,2015-2020,1421,6,8526,8526,0,0.658763811797352,-1.4960350697232452,5.644491266569887,PASS,PASS,PASS,0.08,SUCCESS
cluster_mean_sqm_long,1990-1995,1421,4,5684,5684,0,-0.6991630014528795,-2.138655973559873,2.3143272666609582,PASS,PASS,PASS,0.05,SUCCESS
cluster_mean_sqm_long,1995-2000,1421,6,8526,8526,0,-0.7217988481515265,-2.138655973559873,2.3143272666609582,PASS,PASS,PASS,0.08,SUCCESS
cluster_mean_sqm_long,2000-2005,1421,6,8526,8526,0,-0.24639392976762406,-2.0894884536595275,2.3143272666609582,PASS,PASS,PASS,0.08,SUCCESS
cluster_mean_sqm_long,2005-2010,1421,6,8526,8526,0,0.3100261996836914,-1.6591950216053482,3.8911451564502637,PASS,PASS,PASS,0.08,SUCCESS
cluster_mean_sqm_long,2010-2015,1421,6,8526,8526,0,0.20611515265335872,-1.7798883441396693,2.8080105706877094,PASS,PASS,PASS,0.08,SUCCESS
cluster_mean_sqm_long,2015-2020,1421,6,8526,8526,0,0.8253698149011555,-1.809595877216299,3.9099840798647114,PASS,PASS,PASS,0.08,SUCCESS
cluster_mig_in_long,1990-1995,1421,5,7105,7105,0,0.18658420733940723,-2.458724884961495,17.949644275206214,PASS,PASS,PASS,0.07,SUCCESS
cluster_mig_in_long,1995-2000,1421,6,8526,8526,0,0.05359238740569174,-2.3890153992908094,17.949644275206214,PASS,PASS,PASS,0.08,SUCCESS
cluster_mig_in_long,2000-2005,1421,6,8526,8526,0,-0.0905687258180382,-2.4752350263045515,11.042901813360693,PASS,PASS,PASS,0.08,SUCCESS
cluster_mig_in_long,2005-2010,1421,6,8526,8526,0,-0.019513194792723156,-2.4899107074983804,9.925715582480501,PASS,PASS,PASS,0.08,SUCCESS
cluster_mig_in_long,2010-2015,1421,6,8526,8526,0,0.1102439852043934,-2.4110289210815523,10.444867804712183,PASS,PASS,PASS,0.08,SUCCESS
cluster_mig_in_long,2015-2020,1421,6,8526,8526,0,-0.12025358729451804,-2.367001877500067,15.524487957926059,PASS,PASS,PASS,0.08,SUCCESS
cluster_mig_net_long,1990-1995,1421,5,7105,7105,0,0.1237589386784949,-14.704168085941564,24.421598024179897,PASS,PASS,PASS,0.07,SUCCESS
cluster_mig_net_long,1995-2000,1421,6,8526,8526,0,0.11573943971563411,-11.684440356978252,24.421598024179897,PASS,PASS,PASS,0.08,SUCCESS
cluster_mig_net_long,2000-2005,1421,6,8526,8526,0,-0.04540031194781896,-8.816042947006268,15.254649307099164,PASS,PASS,PASS,0.08,SUCCESS
cluster_mig_net_long,2005-2010,1421,6,8526,8526,0,-0.030845368558171903,-6.745569037170375,13.055773914482751,PASS,PASS,PASS,0.08,SUCCESS
cluster_mig_net_long,2010-2015,1421,6,8526,8526,0,0.10513048288147817,-6.745569037170375,14.440675621615508,PASS,PASS,PASS,0.08,SUCCESS
cluster_mig_net_long,2015-2020,1421,6,8526,8526,0,-0.16566886176226825,-10.017513964452565,21.10379542447609,PASS,PASS,PASS,0.08,SUCCESS
cluster_mig_out_long,1990-1995,1421,5,7105,7105,0,0.0887456370782728,-2.6326418996445824,10.261634061802871,PASS,PASS,PASS,0.07,SUCCESS
cluster_mig_out_long,1995-2000,1421,6,8526,8526,0,-0.039534275195063244,-2.4988105793008866,10.261634061802871,PASS,PASS,PASS,0.08,SUCCESS
cluster_mig_out_long,2000-2005,1421,6,8526,8526,0,-0.05496776430968469,-2.4969518109627797,10.183565791602382,PASS,PASS,PASS,0.08,SUCCESS
cluster_mig_out_long,2005-2010,1421,6,8526,8526,0,0.0052217967808502455,-2.6326418996445824,8.83595874647489,PASS,PASS,PASS,0.08,SUCCESS
cluster_mig_out_long,2010-2015,1421,6,8526,8526,0,0.02648274046708757,-2.6326418996445824,9.37314279618778,PASS,PASS,PASS,0.08,SUCCESS
cluster_mig_out_long,2015-2020,1421,6,8526,8526,0,0.012449758953216605,-2.377990637323939,7.551549824843035,PASS,PASS,PASS,0.08,SUCCESS
cluster_ool_long,1990-1995,1421,6,8526,8526,0,0.02004040989024443,-2.026486388137016,6.487740041974382,PASS,PASS,PASS,0.08,SUCCESS
cluster_ool_long,1995-2000,1421,6,8526,8526,0,-0.016667910333151896,-2.076435406548816,5.990331066956874,PASS,PASS,PASS,0.08,SUCCESS
cluster_ool_long,2000-2005,1421,6,8526,8526,0,-0.004800917555717907,-1.8755987283513704,6.060051571823346,PASS,PASS,PASS,0.08,SUCCESS
cluster_ool_long,2005-2010,1421,6,8526,8526,0,-0.03967205691434407,-1.8808017511025992,5.922691771190896,PASS,PASS,PASS,0.08,SUCCESS
cluster_ool_long,2010-2015,1421,6,8526,8526,0,0.11765787994593867,-2.063948151945866,6.154746585895715,PASS,PASS,PASS,0.08,SUCCESS
cluster_ool_long,2015-2020,1421,6,8526,8526,0,-0.06275277812547106,-2.02544578358677,6.49086185562512,PASS,PASS,PASS,0.08,SUCCESS
cluster_public_housing_long,1990-1995,1421,6,8526,8526,0,-0.027153524897837674,-0.5928388409540803,2.6573459086442655,PASS,PASS,PASS,0.08,SUCCESS
cluster_public_housing_long,1995-2000,1421,6,8526,8526,0,-0.017655178276339643,-0.5928388409540803,2.6573459086442655,PASS,PASS,PASS,0.08,SUCCESS
cluster_public_housing_long,2000-2005,1421,6,8526,8526,0,-0.005407402557022816,-0.5928388409540803,2.6573459086442655,PASS,PASS,PASS,0.08,SUCCESS
cluster_public_housing_long,2005-2010,1421,6,8526,8526,0,0.0023963192362011737,-0.5928388409540803,2.6573459086442655,PASS,PASS,PASS,0.08,SUCCESS
cluster_public_housing_long,2010-2015,1421,6,8526,8526,0,0.032833235844121726,-0.5928388409540803,2.6573459086442655,PASS,PASS,PASS,0.08,SUCCESS
cluster_public_housing_long,2015-2020,1421,6,8526,8526,0,0.014652824633065015,-0.5928388409540803,2.6573459086442655,PASS,PASS,PASS,0.08,SUCCESS
cluster_qol_long,1990-1995,1421,4,5684,5684,0,-0.9202728235044814,-4.2620499027110705,0.8779475515703044,PASS,PASS,PASS,0.05,SUCCESS
cluster_qol_long,1995-2000,1421,6,8526,8526,0,-0.5407760195081496,-3.7209975391025045,1.3288245212441092,PASS,PASS,PASS,0.08,SUCCESS
cluster_qol_long,2000-2005,1421,6,8526,8526,0,-0.11189065297633818,-3.3216493659628488,1.650879499582541,PASS,PASS,PASS,0.08,SUCCESS
cluster_qol_long,2005-2010,1421,6,8526,8526,0,0.17854582428679852,-3.3216493659628488,1.8376713870188321,PASS,PASS,PASS,0.08,SUCCESS
cluster_qol_long,2010-2015,1421,6,8526,8526,0,0.3593415813851296,-2.7934792014878203,1.921405681386824,PASS,PASS,PASS,0.08,SUCCESS
cluster_qol_long,2015-2020,1421,6,8526,8526,0,0.6858235880441415,-2.361925530514321,2.17904966405757,PASS,PASS,PASS,0.08,SUCCESS
cluster_unemp_long,1990-1995,1421,6,8526,8526,0,1.2699522926357214,-1.3680603529123951,6.804811662766584,PASS,PASS,PASS,0.08,SUCCESS
cluster_unemp_long,1995-2000,1421,6,8526,8526,0,0.1874610247876514,-1.3858274659899583,6.804811662766584,PASS,PASS,PASS,0.08,SUCCESS
cluster_unemp_long,2000-2005,1421,6,8526,8526,0,-0.4132224374888419,-1.3502932398348322,3.7145184614757936,PASS,PASS,PASS,0.08,SUCCESS
cluster_unemp_long,2005-2010,1421,6,8526,8526,0,-0.38140584325142324,-1.365099167399468,4.4915335400678815,PASS,PASS,PASS,0.08,SUCCESS
cluster_unemp_long,2010-2015,1421,6,8526,8526,0,-0.2665511611134034,-1.332526126757269,2.824978333392472,PASS,PASS,PASS,0.08,SUCCESS
cluster_unemp_long,2015-2020,1421,6,8526,8526,0,-0.470741955268517,-1.403594579067521,4.415134953834361,PASS,PASS,PASS,0.08,SUCCESS
