cluster_id,prediction
101_1,2
101_10,1
101_100,2
101_1000,1
101_1001,2
101_1002,1
101_1003,1
101_1004,0
101_1005,1
101_1006,1
101_1007,1
101_1008,0
101_1009,1
101_101,0
101_1010,1
101_1013,1
101_1014,1
101_1015,2
101_1016,2
101_1017,2
101_1018,2
101_1019,1
101_102,1
101_1020,0
101_1021,1
101_1022,1
101_1023,1
101_1024,1
101_1025,2
101_1026,2
101_1027,1
101_1028,2
101_1029,0
101_103,1
101_1030,2
101_1031,1
101_1032,1
101_1033,1
101_1034,1
101_1035,1
101_1036,1
101_1037,1
101_1038,1
101_1039,1
101_104,2
101_1040,1
101_1042,1
101_1043,1
101_1044,1
101_1045,1
101_1046,1
101_1047,2
101_1048,1
101_1049,2
101_105,1
101_1050,1
101_1051,0
101_1052,1
101_1054,0
101_1055,1
101_1056,0
101_1057,1
101_1058,0
101_1059,1
101_106,1
101_1060,0
101_1061,2
101_1063,2
101_1064,2
101_1065,1
101_1066,1
101_1067,2
101_1068,1
101_1069,2
101_107,2
101_1070,1
101_1071,2
101_1073,2
101_1074,1
101_1075,1
101_1076,0
101_1077,1
101_1078,1
101_1079,2
101_108,1
101_1081,0
101_1082,2
101_1083,1
101_1084,2
101_1085,1
101_1086,1
101_1087,1
101_1088,2
101_1089,1
101_109,1
101_1090,1
101_1091,1
101_1092,0
101_1093,0
101_1094,1
101_1095,1
101_1097,1
101_1099,2
101_11,1
101_110,1
101_1100,1
101_1101,1
101_1102,1
101_1103,1
101_1104,0
101_1105,1
101_1106,1
101_1107,1
101_1108,1
101_1109,1
101_111,1
101_1110,1
101_1111,2
101_1112,1
101_1113,1
101_1114,0
101_1115,1
101_1116,0
101_1117,1
101_1118,1
101_1119,2
101_112,1
101_1120,1
101_1121,0
101_1122,1
101_1123,1
101_1124,1
101_1125,1
101_1126,1
101_1127,1
101_1128,1
101_1129,1
101_113,1
101_1130,1
101_1131,2
101_1132,1
101_1133,0
101_1134,1
101_1135,1
101_1136,2
101_1137,1
101_1138,2
101_1139,1
101_114,1
101_1140,1
101_1141,1
101_1142,0
101_1143,0
101_1144,1
101_1145,1
101_1146,0
101_1147,1
101_1148,1
101_1149,1
101_115,1
101_1150,2
101_1151,0
101_1152,1
101_1153,0
101_1154,1
101_1155,2
101_1156,1
101_1158,1
101_1159,1
101_116,1
101_1160,1
101_1161,1
101_1162,0
101_1163,1
101_1164,2
101_1165,2
101_1166,1
101_1167,1
101_1168,1
101_1169,1
101_117,1
101_1170,1
101_1172,2
101_1173,0
101_1174,1
101_1176,0
101_1177,1
101_1179,0
101_118,1
101_1180,1
101_1181,2
101_1182,1
101_1183,2
101_1184,1
101_1185,1
101_1186,1
101_1187,1
101_1188,1
101_1189,1
101_119,0
101_1190,2
101_1191,0
101_1192,1
101_1193,1
101_1194,1
101_1195,1
101_1196,0
101_1197,0
101_1198,1
101_1199,0
101_12,1
101_120,1
101_1200,1
101_1201,1
101_1202,1
101_1204,1
101_1206,1
101_1207,2
101_121,1
101_122,0
101_123,0
101_124,0
101_125,1
101_126,1
101_127,0
101_128,1
101_129,0
101_13,1
101_130,1
101_131,1
101_132,1
101_133,0
101_134,2
101_135,1
101_136,2
101_137,2
101_138,1
101_139,1
101_14,1
101_140,2
101_141,1
101_142,1
101_143,1
101_144,1
101_145,0
101_146,0
101_147,1
101_148,0
101_149,0
101_15,1
101_150,0
101_151,1
101_152,1
101_153,0
101_154,1
101_155,0
101_156,0
101_157,1
101_158,0
101_159,1
101_16,1
101_160,0
101_161,1
101_162,1
101_163,0
101_164,0
101_165,1
101_166,1
101_167,0
101_168,0
101_169,0
101_17,1
101_170,0
101_171,0
101_172,0
101_173,1
101_174,0
101_175,1
101_176,1
101_177,0
101_178,1
101_179,0
101_18,1
101_180,0
101_181,2
101_182,0
101_183,1
101_184,1
101_185,1
101_186,1
101_187,1
101_188,2
101_189,2
101_19,1
101_191,2
101_192,2
101_193,0
101_194,2
101_195,2
101_196,0
101_197,1
101_198,1
101_199,1
101_2,2
101_20,1
101_200,1
101_201,1
101_202,0
101_203,0
101_204,2
101_205,1
101_206,1
101_207,0
101_208,1
101_209,1
101_21,1
101_210,0
101_211,1
101_212,1
101_213,1
101_214,2
101_215,0
101_216,0
101_217,0
101_218,1
101_219,1
101_22,1
101_220,2
101_221,1
101_222,1
101_223,0
101_224,1
101_225,0
101_226,1
101_227,0
101_228,1
101_229,2
101_23,2
101_230,1
101_231,2
101_232,2
101_233,2
101_234,2
101_235,1
101_236,2
101_237,1
101_238,1
101_239,1
101_24,2
101_240,1
101_241,1
101_242,1
101_243,1
101_244,1
101_245,2
101_246,1
101_247,0
101_248,0
101_249,1
101_25,1
101_250,0
101_251,1
101_252,0
101_253,0
101_254,1
101_255,1
101_256,1
101_257,2
101_258,2
101_259,1
101_26,2
101_260,2
101_261,1
101_262,2
101_263,2
101_264,1
101_265,1
101_266,1
101_267,1
101_268,1
101_269,1
101_27,2
101_270,2
101_271,1
101_272,1
101_273,1
101_274,1
101_275,2
101_276,2
101_277,0
101_278,1
101_279,1
101_28,1
101_280,1
101_281,0
101_282,0
101_283,1
101_284,1
101_285,1
101_286,1
101_287,1
101_288,1
101_289,2
101_29,1
101_290,2
101_291,1
101_292,1
101_293,2
101_294,1
101_295,2
101_296,1
101_297,1
101_298,1
101_299,1
101_3,1
101_30,0
101_300,2
101_301,2
101_302,1
101_303,1
101_304,1
101_305,1
101_306,1
101_307,1
101_308,0
101_309,1
101_31,0
101_310,1
101_311,1
101_312,1
101_313,1
101_314,1
101_315,0
101_316,0
101_317,1
101_318,0
101_319,1
101_32,0
101_320,1
101_321,1
101_322,0
101_323,1
101_324,1
101_325,0
101_326,1
101_327,0
101_328,1
101_329,0
101_33,1
101_330,0
101_331,0
101_332,0
101_333,1
101_334,1
101_335,1
101_336,1
101_337,0
101_338,1
101_339,1
101_34,1
101_340,0
101_341,1
101_342,1
101_343,1
101_344,1
101_345,1
101_346,2
101_347,1
101_348,1
101_349,1
101_35,0
101_350,2
101_351,2
101_352,1
101_353,1
101_354,0
101_355,1
101_356,1
101_357,1
101_358,1
101_359,1
101_36,1
101_360,1
101_361,1
101_362,1
101_363,1
101_364,0
101_365,0
101_366,2
101_367,1
101_368,1
101_369,1
101_37,1
101_370,1
101_371,1
101_372,0
101_373,0
101_374,0
101_375,0
101_376,0
101_377,1
101_378,1
101_379,0
101_38,0
101_380,0
101_381,1
101_382,0
101_383,2
101_384,1
101_385,1
101_386,1
101_387,1
101_388,1
101_389,1
101_39,1
101_390,1
101_391,1
101_392,1
101_393,1
101_394,0
101_395,2
101_396,2
101_397,1
101_398,1
101_399,1
101_4,1
101_40,0
101_400,1
101_401,1
101_402,1
101_403,1
101_404,1
101_405,1
101_406,1
101_407,2
101_408,2
101_409,2
101_41,1
101_410,2
101_411,2
101_412,2
101_413,2
101_414,1
101_415,1
101_416,1
101_417,1
101_418,1
101_419,2
101_42,1
101_420,2
101_421,2
101_422,1
101_423,2
101_424,1
101_425,1
101_426,1
101_427,0
101_428,1
101_429,1
101_43,1
101_430,1
101_431,1
101_432,1
101_433,0
101_434,2
101_435,1
101_436,1
101_437,1
101_438,1
101_439,1
101_44,0
101_440,1
101_441,1
101_442,1
101_443,0
101_444,0
101_445,1
101_446,1
101_447,0
101_448,1
101_449,0
101_45,0
101_450,2
101_451,1
101_452,2
101_453,2
101_454,2
101_455,0
101_456,1
101_457,1
101_458,0
101_459,0
101_46,0
101_460,1
101_461,1
101_462,1
101_463,1
101_464,1
101_465,1
101_466,1
101_467,1
101_468,1
101_469,1
101_47,1
101_470,1
101_471,1
101_472,0
101_473,1
101_474,1
101_475,1
101_476,1
101_477,2
101_478,0
101_479,0
101_48,1
101_480,1
101_481,2
101_482,0
101_483,2
101_484,2
101_485,2
101_486,1
101_487,1
101_488,1
101_489,2
101_49,1
101_490,1
101_492,0
101_493,1
101_494,1
101_495,1
101_496,1
101_497,1
101_498,1
101_499,1
101_5,1
101_50,1
101_500,0
101_501,1
101_502,0
101_503,1
101_504,1
101_505,0
101_506,0
101_507,1
101_508,0
101_509,1
101_51,0
101_510,1
101_511,0
101_512,0
101_513,0
101_514,1
101_515,0
101_516,1
101_517,2
101_518,1
101_519,1
101_52,1
101_520,1
101_521,0
101_522,1
101_523,1
101_524,1
101_525,1
101_526,1
101_527,1
101_528,1
101_529,1
101_53,1
101_530,0
101_531,1
101_532,0
101_533,1
101_534,1
101_535,1
101_536,1
101_537,1
101_538,1
101_539,0
101_54,2
101_540,0
101_541,0
101_542,1
101_543,2
101_544,1
101_545,0
101_546,1
101_547,1
101_548,2
101_549,1
101_55,1
101_550,1
101_551,2
101_552,2
101_553,1
101_554,2
101_555,1
101_556,1
101_557,1
101_558,1
101_559,1
101_56,1
101_560,1
101_561,1
101_562,1
101_563,1
101_564,1
101_565,0
101_566,1
101_567,1
101_568,1
101_569,1
101_57,1
101_570,1
101_571,2
101_572,1
101_573,0
101_574,2
101_575,1
101_576,1
101_577,1
101_578,1
101_579,2
101_58,0
101_580,1
101_581,1
101_582,1
101_583,1
101_584,1
101_585,2
101_586,1
101_587,0
101_588,1
101_589,1
101_59,2
101_590,1
101_591,1
101_592,1
101_593,1
101_594,1
101_595,1
101_596,1
101_597,1
101_598,1
101_599,1
101_6,0
101_60,2
101_600,1
101_601,0
101_602,2
101_603,1
101_604,1
101_605,1
101_606,1
101_607,1
101_608,0
101_609,0
101_61,2
101_610,1
101_611,1
101_612,0
101_613,1
101_614,0
101_615,0
101_616,1
101_617,1
101_618,0
101_619,0
101_62,1
101_620,1
101_621,0
101_622,0
101_623,0
101_624,1
101_625,0
101_626,1
101_627,0
101_628,1
101_629,1
101_63,2
101_630,1
101_631,0
101_632,1
101_633,2
101_634,2
101_635,2
101_636,1
101_637,1
101_638,1
101_639,2
101_64,2
101_640,1
101_641,1
101_642,1
101_643,2
101_644,1
101_645,1
101_646,2
101_647,1
101_648,1
101_649,1
101_65,1
101_650,0
101_651,0
101_652,1
101_653,1
101_654,2
101_655,1
101_656,2
101_657,1
101_658,1
101_659,2
101_66,2
101_660,1
101_661,1
101_662,1
101_663,1
101_664,1
101_665,1
101_666,1
101_667,0
101_668,0
101_669,2
101_67,2
101_670,1
101_671,1
101_672,0
101_673,1
101_674,0
101_675,0
101_676,0
101_677,1
101_678,1
101_679,0
101_68,2
101_680,1
101_681,1
101_682,1
101_683,0
101_684,0
101_685,0
101_686,0
101_687,0
101_688,0
101_689,0
101_69,2
101_690,0
101_691,0
101_692,0
101_693,1
101_694,0
101_695,1
101_696,1
101_697,1
101_698,1
101_699,2
101_7,1
101_70,1
101_700,2
101_701,2
101_702,2
101_703,1
101_704,1
101_705,1
101_706,1
101_707,1
101_708,1
101_709,1
101_71,1
101_710,0
101_711,0
101_712,1
101_713,1
101_714,1
101_715,1
101_716,1
101_717,1
101_718,1
101_719,2
101_72,2
101_720,1
101_721,1
101_722,1
101_723,1
101_724,1
101_725,1
101_726,1
101_727,1
101_728,1
101_729,1
101_73,1
101_730,0
101_731,1
101_732,1
101_733,1
101_734,2
101_735,1
101_736,1
101_737,2
101_738,2
101_739,2
101_74,1
101_740,1
101_741,1
101_742,0
101_743,2
101_744,0
101_745,1
101_746,1
101_747,2
101_748,1
101_749,1
101_75,1
101_750,1
101_751,2
101_752,2
101_753,1
101_754,1
101_755,1
101_756,1
101_757,1
101_758,2
101_759,1
101_76,1
101_760,1
101_761,1
101_762,1
101_763,1
101_764,1
101_765,1
101_766,1
101_767,1
101_768,1
101_769,1
101_77,1
101_770,1
101_771,2
101_772,2
101_773,1
101_774,1
101_775,1
101_776,1
101_777,1
101_778,1
101_779,1
101_78,1
101_780,0
101_781,1
101_782,0
101_783,1
101_784,1
101_785,1
101_786,1
101_787,1
101_788,1
101_789,1
101_79,1
101_790,1
101_791,2
101_792,2
101_793,1
101_794,1
101_795,2
101_796,1
101_797,2
101_798,2
101_799,1
101_8,1
101_80,1
101_800,2
101_801,2
101_802,2
101_803,2
101_804,1
101_805,0
101_806,1
101_807,2
101_808,2
101_809,1
101_81,1
101_810,2
101_811,2
101_812,1
101_813,2
101_814,2
101_815,2
101_816,2
101_817,2
101_818,1
101_819,1
101_82,0
101_820,1
101_821,1
101_822,0
101_823,0
101_824,1
101_825,1
101_826,2
101_827,1
101_828,1
101_829,1
101_83,0
101_830,1
101_831,1
101_832,1
101_833,1
101_834,1
101_835,1
101_836,1
101_837,1
101_838,2
101_839,1
101_84,1
101_840,1
101_841,2
101_842,1
101_843,2
101_844,1
101_845,1
101_846,1
101_847,1
101_848,1
101_849,1
101_85,0
101_850,1
101_851,1
101_852,1
101_853,0
101_854,1
101_855,1
101_856,1
101_857,1
101_858,1
101_859,1
101_86,0
101_860,1
101_861,2
101_862,2
101_863,2
101_864,2
101_865,1
101_866,1
101_867,0
101_868,0
101_869,0
101_870,0
101_871,0
101_872,0
101_873,1
101_874,0
101_875,0
101_876,1
101_877,0
101_878,1
101_879,0
101_880,0
101_881,0
101_882,0
101_883,0
101_884,0
101_885,2
101_886,0
101_887,0
101_888,0
101_889,1
101_89,0
101_890,0
101_891,2
101_892,1
101_894,2
101_895,2
101_896,1
101_897,2
101_898,1
101_899,1
101_9,2
101_90,1
101_900,1
101_901,1
101_902,1
101_903,1
101_904,1
101_905,1
101_906,1
101_907,1
101_908,2
101_909,2
101_91,1
101_910,1
101_911,1
101_912,1
101_913,2
101_914,1
101_915,1
101_916,0
101_917,0
101_918,0
101_919,0
101_92,1
101_920,1
101_921,1
101_922,2
101_923,1
101_924,2
101_925,1
101_926,0
101_927,1
101_928,2
101_929,0
101_93,1
101_930,1
101_931,0
101_932,1
101_933,2
101_934,0
101_935,1
101_936,1
101_937,0
101_938,1
101_939,1
101_94,1
101_940,1
101_941,1
101_942,1
101_943,1
101_944,1
101_945,2
101_946,1
101_947,1
101_948,1
101_949,1
101_95,1
101_950,1
101_951,1
101_952,1
101_953,0
101_954,1
101_955,1
101_956,1
101_957,0
101_958,1
101_959,1
101_96,0
101_960,1
101_961,1
101_962,2
101_963,0
101_964,1
101_965,1
101_966,1
101_967,1
101_968,1
101_969,1
101_97,1
101_970,1
101_971,1
101_972,2
101_973,2
101_974,2
101_975,1
101_976,1
101_977,2
101_978,1
101_979,1
101_98,1
101_980,0
101_981,1
101_982,1
101_983,1
101_984,1
101_985,1
101_986,0
101_987,1
101_988,1
101_989,1
101_99,1
101_990,2
101_991,1
101_992,1
101_993,2
101_994,2
101_995,1
101_996,0
101_997,1
101_998,1
147_1,1
147_10,2
147_100,2
147_101,1
147_102,2
147_103,1
147_104,1
147_105,1
147_106,1
147_107,1
147_108,1
147_109,1
147_11,2
147_110,1
147_111,2
147_112,1
147_113,1
147_114,1
147_115,1
147_116,1
147_117,1
147_118,1
147_119,2
147_12,1
147_120,1
147_121,1
147_122,2
147_123,1
147_124,1
147_125,1
147_126,1
147_127,1
147_128,2
147_129,2
147_13,1
147_130,1
147_131,1
147_132,1
147_133,1
147_134,1
147_135,2
147_136,1
147_137,1
147_138,1
147_139,1
147_14,1
147_140,2
147_141,2
147_142,1
147_143,1
147_144,2
147_145,2
147_146,1
147_147,1
147_148,1
147_149,1
147_15,1
147_150,1
147_151,1
147_152,1
147_153,1
147_154,2
147_155,1
147_156,1
147_157,1
147_158,1
147_159,1
147_16,2
147_160,1
147_161,2
147_162,2
147_163,1
147_164,1
147_165,2
147_166,1
147_167,1
147_168,2
147_169,2
147_17,1
147_170,1
147_171,1
147_172,2
147_173,1
147_174,1
147_175,2
147_176,1
147_177,1
147_178,1
147_179,2
147_18,1
147_180,2
147_181,1
147_182,1
147_183,1
147_184,1
147_185,2
147_186,1
147_187,1
147_188,1
147_189,2
147_19,1
147_190,1
147_191,1
147_192,1
147_193,1
147_194,2
147_195,1
147_196,1
147_197,2
147_198,1
147_199,1
147_2,1
147_20,2
147_200,0
147_201,1
147_202,1
147_203,1
147_204,1
147_205,2
147_206,1
147_207,1
147_208,1
147_209,2
147_21,1
147_210,1
147_211,1
147_212,2
147_213,0
147_214,2
147_215,1
147_216,1
147_217,1
147_218,2
147_219,1
147_22,1
147_220,1
147_221,1
147_222,2
147_223,1
147_224,1
147_225,2
147_226,1
147_227,1
147_228,1
147_229,2
147_23,1
147_230,1
147_231,1
147_232,1
147_233,1
147_235,1
147_236,1
147_237,1
147_24,1
147_25,1
147_26,1
147_27,1
147_28,1
147_29,1
147_3,1
147_30,2
147_31,2
147_32,1
147_33,1
147_34,1
147_35,1
147_36,1
147_37,1
147_38,1
147_39,1
147_4,1
147_40,0
147_41,1
147_42,1
147_43,1
147_44,1
147_45,1
147_46,1
147_47,0
147_48,1
147_49,1
147_5,1
147_50,0
147_51,1
147_52,0
147_53,1
147_54,1
147_55,1
147_56,1
147_57,1
147_58,1
147_59,0
147_6,1
147_60,1
147_61,1
147_62,1
147_63,1
147_64,0
147_65,1
147_66,1
147_67,1
147_68,1
147_69,1
147_7,1
147_70,1
147_71,1
147_72,1
147_73,1
147_74,1
147_75,1
147_76,1
147_77,2
147_78,1
147_79,0
147_8,1
147_80,1
147_81,1
147_82,0
147_83,1
147_84,1
147_85,1
147_86,1
147_87,1
147_88,0
147_89,1
147_9,1
147_90,0
147_91,1
147_92,1
147_93,1
147_94,2
147_95,2
147_96,1
147_97,1
147_98,1
147_99,1
151_1,2
151_10,2
151_100,1
151_101,2
151_103,1
151_105,2
151_106,2
151_107,2
151_108,2
151_109,1
151_11,2
151_12,1
151_13,1
151_14,1
151_15,2
151_16,1
151_17,2
151_18,2
151_19,1
151_2,2
151_20,2
151_21,2
151_24,1
151_25,1
151_26,1
151_27,2
151_29,2
151_3,2
151_30,2
151_31,1
151_34,2
151_35,1
151_36,2
151_38,2
151_39,2
151_40,1
151_41,1
151_42,2
151_44,2
151_45,2
151_46,1
151_47,2
151_48,2
151_49,2
151_5,2
151_50,2
151_51,2
151_52,2
151_53,2
151_54,2
151_55,2
151_56,1
151_57,1
151_58,1
151_59,1
151_6,2
151_60,2
151_61,2
151_63,1
151_64,2
151_65,1
151_66,1
151_67,2
151_68,1
151_69,2
151_7,2
151_70,1
151_71,2
151_72,2
151_73,2
151_74,1
151_75,1
151_76,2
151_77,2
151_78,2
151_79,2
151_8,2
151_80,1
151_81,1
151_82,1
151_83,1
151_84,2
151_85,2
151_86,2
151_87,1
151_88,2
151_89,1
151_9,1
151_90,2
151_91,2
151_92,2
151_93,2
151_94,2
151_97,2
151_98,2
153_1,2
153_10,2
153_11,2
153_12,1
153_13,2
153_14,2
153_15,2
153_16,2
153_17,2
153_18,1
153_19,1
153_2,2
153_20,2
153_21,2
153_22,1
153_23,1
153_24,2
153_27,1
153_28,2
153_3,1
153_30,1
153_31,1
153_32,1
153_33,1
153_34,1
153_36,1
153_37,2
153_38,2
153_39,2
153_4,2
153_40,2
153_41,2
153_42,1
153_43,1
153_44,1
153_45,1
153_46,1
153_47,1
153_48,2
153_49,1
153_5,2
153_50,2
153_51,2
153_52,1
153_53,1
153_54,1
153_55,1
153_56,1
153_57,2
153_58,2
153_59,2
153_6,2
153_60,1
153_61,2
153_62,1
153_63,1
153_65,1
153_66,1
153_67,2
153_68,1
153_69,1
153_7,2
153_70,1
153_71,1
153_72,1
153_74,1
153_75,2
153_77,2
153_78,1
153_79,1
153_8,2
153_80,1
153_81,2
153_82,2
153_83,2
153_84,1
153_85,2
153_86,1
153_87,1
153_88,2
153_89,2
153_9,1
153_90,2
153_91,2
153_92,2
153_93,2
153_95,1
155_10,1
155_12,1
155_13,2
155_14,1
155_15,2
155_16,2
155_17,2
155_18,2
155_19,2
155_20,2
155_21,2
155_22,2
155_23,2
155_24,1
155_25,2
155_26,2
155_27,2
155_29,2
155_3,1
155_30,1
155_32,2
155_33,2
155_34,1
155_35,1
155_36,1
155_37,2
155_38,2
155_39,2
155_4,2
155_40,2
155_41,2
155_42,2
155_5,1
155_6,2
155_7,2
155_8,1
155_9,2
157_1,1
157_10,2
157_100,2
157_101,2
157_102,2
157_103,2
157_104,2
157_105,2
157_106,1
157_107,2
157_108,2
157_109,1
157_11,2
157_110,2
157_111,1
157_112,2
157_113,1
157_114,2
157_115,1
157_116,1
157_117,1
157_118,2
157_119,1
157_12,2
157_120,2
157_121,1
157_122,1
157_123,2
157_124,1
157_125,1
157_126,1
157_127,1
157_128,1
157_129,1
157_13,2
157_130,2
157_131,2
157_132,1
157_133,2
157_134,2
157_135,2
157_137,1
157_138,2
157_139,1
157_14,2
157_140,2
157_141,1
157_142,2
157_144,2
157_145,2
157_146,1
157_147,2
157_148,2
157_149,2
157_15,1
157_150,1
157_151,1
157_152,2
157_154,2
157_155,1
157_156,2
157_157,1
157_158,2
157_159,1
157_16,1
157_160,1
157_161,2
157_162,2
157_163,1
157_164,2
157_165,2
157_166,2
157_167,2
157_169,2
157_17,1
157_170,2
157_171,1
157_172,2
157_173,2
157_174,2
157_175,2
157_176,2
157_18,1
157_2,1
157_20,2
157_21,2
157_22,2
157_23,2
157_24,2
157_25,2
157_26,2
157_27,1
157_28,2
157_29,1
157_3,2
157_30,1
157_31,1
157_32,1
157_33,1
157_34,1
157_35,1
157_36,1
157_37,1
157_38,2
157_39,2
157_4,2
157_40,2
157_41,1
157_42,2
157_43,1
157_44,2
157_45,1
157_46,2
157_47,2
157_48,2
157_49,1
157_5,2
157_50,2
157_51,2
157_52,2
157_53,2
157_54,2
157_55,2
157_56,2
157_57,2
157_58,2
157_59,2
157_6,2
157_60,2
157_61,2
157_62,2
157_63,2
157_64,2
157_65,2
157_66,2
157_67,1
157_68,2
157_69,2
157_7,2
157_70,1
157_71,1
157_72,1
157_73,2
157_74,2
157_75,2
157_76,2
157_77,2
157_78,2
157_79,1
157_8,1
157_80,2
157_81,2
157_82,2
157_83,2
157_84,2
157_85,2
157_86,2
157_88,2
157_89,2
157_9,2
157_90,1
157_91,1
157_92,1
157_93,1
157_94,2
157_95,2
157_96,1
157_97,2
157_98,2
157_99,2
159_1,1
159_10,1
159_100,1
159_101,1
159_102,1
159_103,1
159_104,1
159_105,1
159_106,1
159_107,1
159_108,1
159_109,1
159_11,1
159_110,1
159_111,1
159_112,2
159_113,2
159_114,1
159_115,1
159_116,2
159_117,2
159_118,1
159_119,1
159_12,1
159_120,1
159_121,1
159_122,1
159_123,2
159_124,1
159_125,1
159_127,2
159_128,1
159_129,1
159_13,1
159_130,1
159_131,2
159_132,1
159_133,2
159_135,2
159_136,1
159_137,2
159_138,1
159_139,1
159_14,1
159_140,1
159_141,1
159_142,1
159_143,1
159_144,1
159_145,2
159_146,1
159_147,2
159_148,2
159_149,2
159_15,1
159_150,1
159_151,2
159_152,1
159_153,2
159_154,1
159_156,1
159_157,1
159_16,1
159_162,1
159_17,1
159_18,1
159_19,2
159_2,1
159_20,1
159_21,2
159_22,1
159_23,1
159_24,2
159_25,1
159_26,2
159_27,1
159_28,1
159_29,2
159_3,1
159_30,1
159_31,2
159_32,2
159_33,2
159_34,1
159_35,2
159_36,2
159_37,2
159_38,1
159_39,1
159_4,2
159_40,1
159_41,1
159_42,1
159_43,1
159_44,2
159_45,2
159_46,1
159_47,2
159_48,1
159_49,1
159_5,2
159_50,1
159_51,1
159_52,1
159_53,2
159_54,1
159_55,1
159_56,2
159_57,2
159_58,1
159_59,2
159_6,2
159_60,2
159_61,2
159_62,1
159_63,1
159_65,2
159_67,2
159_68,2
159_7,2
159_70,2
159_71,2
159_72,1
159_73,1
159_74,2
159_75,1
159_76,1
159_77,1
159_78,2
159_79,2
159_8,1
159_80,1
159_81,1
159_82,1
159_84,1
159_85,2
159_86,1
159_87,2
159_88,1
159_89,2
159_9,1
159_90,1
159_91,2
159_92,1
159_93,2
159_94,2
159_95,2
159_96,2
159_97,2
159_98,2
159_99,1
161_1,1
161_10,1
161_11,1
161_12,1
161_13,1
161_14,1
161_15,1
161_16,1
161_17,1
161_18,2
161_19,1
161_2,1
161_21,2
161_22,2
161_23,2
161_24,1
161_25,1
161_26,1
161_27,1
161_28,2
161_29,2
161_3,1
161_30,2
161_31,2
161_32,1
161_33,2
161_35,2
161_36,2
161_37,2
161_39,2
161_4,1
161_41,1
161_42,1
161_43,1
161_44,1
161_45,1
161_46,1
161_47,2
161_48,1
161_49,2
161_5,1
161_50,2
161_51,2
161_52,1
161_53,2
161_55,2
161_56,1
161_57,1
161_6,2
161_7,1
161_8,1
161_9,1
163_1,1
163_10,1
163_11,1
163_12,1
163_13,1
163_14,1
163_15,2
163_16,1
163_17,1
163_18,1
163_19,2
163_2,1
163_20,2
163_21,1
163_22,2
163_23,2
163_24,2
163_25,1
163_26,2
163_27,1
163_28,2
163_29,2
163_3,1
163_30,1
163_31,1
163_32,1
163_33,1
163_34,2
163_35,2
163_36,2
163_37,1
163_38,1
163_39,1
163_4,1
163_40,1
163_41,1
163_42,2
163_43,1
163_44,2
163_45,2
163_46,1
163_47,2
163_48,1
163_49,1
163_5,2
163_50,2
163_51,2
163_52,1
163_55,2
163_56,2
163_57,2
163_58,1
163_59,1
163_6,1
163_60,2
163_61,2
163_62,1
163_63,2
163_64,2
163_65,1
163_67,1
163_68,1
163_69,1
163_7,1
163_70,1
163_71,2
163_72,1
163_73,2
163_74,2
163_75,2
163_8,1
163_9,1
165_1,1
165_10,2
165_11,2
165_12,2
165_13,2
165_14,1
165_15,1
165_16,2
165_17,1
165_18,1
165_19,2
165_2,2
165_20,2
165_21,1
165_22,1
165_23,1
165_24,2
165_27,2
165_28,2
165_29,2
165_3,2
165_30,2
165_31,1
165_32,1
165_33,1
165_34,1
165_35,1
165_36,2
165_37,1
165_38,1
165_39,1
165_4,2
165_40,1
165_41,1
165_42,1
165_43,1
165_44,1
165_45,1
165_46,0
165_48,2
165_49,2
165_5,1
165_50,2
165_51,1
165_52,1
165_53,2
165_54,1
165_57,2
165_58,2
165_59,2
165_6,2
165_60,2
165_63,2
165_64,2
165_65,1
165_66,2
165_69,2
165_7,2
165_70,1
165_71,2
165_8,2
165_9,1
167_1,2
167_10,2
167_100,2
167_101,1
167_102,2
167_103,2
167_104,2
167_105,2
167_106,1
167_107,1
167_108,2
167_109,1
167_11,2
167_110,1
167_111,1
167_112,1
167_113,2
167_114,1
167_115,2
167_117,1
167_118,1
167_12,2
167_120,1
167_121,1
167_122,1
167_123,1
167_124,1
167_125,1
167_126,1
167_127,1
167_129,2
167_13,1
167_130,1
167_131,1
167_132,1
167_133,1
167_134,1
167_135,2
167_136,2
167_137,2
167_139,1
167_14,2
167_140,2
167_141,1
167_142,2
167_143,2
167_144,2
167_145,2
167_15,1
167_16,2
167_17,2
167_18,2
167_19,2
167_2,2
167_20,2
167_22,1
167_23,2
167_24,1
167_25,1
167_26,1
167_27,2
167_28,1
167_29,1
167_3,2
167_30,1
167_31,2
167_32,2
167_33,1
167_34,1
167_35,2
167_36,1
167_37,2
167_38,1
167_39,2
167_4,1
167_40,2
167_41,2
167_42,1
167_43,2
167_44,2
167_45,2
167_46,2
167_47,2
167_48,2
167_49,1
167_5,1
167_50,2
167_51,2
167_52,1
167_53,1
167_54,1
167_55,1
167_56,2
167_57,2
167_58,2
167_59,1
167_6,1
167_60,1
167_61,2
167_62,2
167_63,1
167_64,1
167_65,1
167_66,1
167_67,1
167_68,1
167_69,1
167_7,1
167_70,1
167_71,1
167_72,1
167_73,1
167_74,2
167_75,2
167_76,1
167_77,0
167_78,1
167_79,2
167_8,2
167_80,1
167_81,1
167_82,1
167_83,1
167_84,1
167_85,1
167_86,2
167_87,1
167_88,1
167_89,1
167_9,1
167_90,2
167_91,2
167_92,1
167_93,1
167_94,2
167_95,1
167_96,2
167_97,1
167_98,1
167_99,2
169_1,1
169_10,1
169_100,1
169_101,1
169_102,2
169_103,1
169_104,2
169_105,1
169_106,1
169_107,2
169_108,1
169_109,2
169_11,1
169_110,1
169_111,2
169_112,1
169_12,1
169_13,2
169_14,2
169_15,2
169_16,1
169_17,2
169_18,1
169_19,2
169_20,1
169_21,1
169_24,1
169_25,2
169_26,2
169_27,2
169_28,2
169_29,1
169_30,2
169_33,1
169_34,1
169_35,1
169_36,2
169_37,2
169_38,1
169_39,2
169_4,1
169_40,1
169_41,2
169_42,1
169_43,1
169_44,2
169_45,2
169_47,1
169_48,2
169_49,1
169_5,1
169_50,2
169_51,2
169_52,1
169_53,1
169_54,1
169_55,2
169_56,1
169_57,1
169_58,2
169_59,2
169_60,2
169_61,2
169_62,2
169_63,2
169_64,2
169_65,1
169_66,1
169_67,1
169_69,1
169_7,1
169_70,1
169_71,1
169_72,2
169_73,1
169_74,2
169_75,2
169_76,1
169_77,2
169_78,1
169_79,2
169_8,1
169_80,2
169_81,0
169_82,1
169_83,1
169_84,2
169_85,1
169_87,2
169_88,2
169_9,1
169_90,1
169_92,2
169_93,1
169_94,1
169_97,2
169_98,1
173_1,2
173_10,2
173_100,1
173_101,1
173_102,2
173_103,2
173_104,2
173_105,2
173_106,2
173_107,2
173_108,1
173_109,2
173_11,2
173_110,1
173_111,1
173_112,2
173_113,1
173_114,2
173_115,2
173_116,1
173_117,1
173_118,1
173_119,1
173_12,1
173_120,2
173_121,2
173_122,1
173_123,1
173_125,2
173_126,2
173_127,1
173_128,2
173_129,2
173_13,2
173_130,2
173_131,1
173_132,2
173_133,1
173_134,1
173_135,2
173_136,1
173_137,2
173_138,1
173_139,2
173_14,2
173_140,1
173_141,1
173_142,1
173_143,1
173_144,2
173_145,2
173_146,1
173_147,2
173_148,1
173_15,1
173_150,1
173_16,2
173_17,2
173_18,2
173_19,2
173_2,2
173_20,1
173_21,2
173_22,1
173_23,1
173_24,1
173_25,1
173_26,1
173_27,1
173_28,1
173_3,1
173_30,2
173_31,2
173_32,1
173_33,1
173_34,2
173_35,2
173_36,2
173_37,2
173_38,1
173_39,2
173_4,2
173_40,2
173_41,2
173_42,1
173_43,1
173_44,1
173_45,2
173_46,1
173_47,1
173_48,2
173_49,2
173_5,2
173_50,1
173_51,2
173_52,1
173_54,1
173_55,2
173_56,2
173_57,2
173_58,2
173_6,2
173_60,1
173_62,1
173_63,2
173_64,2
173_65,1
173_66,1
173_67,1
173_68,2
173_69,2
173_7,2
173_70,1
173_71,1
173_72,2
173_74,2
173_75,2
173_76,2
173_77,2
173_78,2
173_79,2
173_8,1
173_80,2
173_81,2
173_83,1
173_84,1
173_85,1
173_86,1
173_87,2
173_89,1
173_9,2
173_90,1
173_91,2
173_92,1
173_93,1
173_94,1
173_95,1
173_96,1
173_98,2
173_99,1
175_1,1
175_10,1
175_100,2
175_101,2
175_102,1
175_103,1
175_105,1
175_106,1
175_107,1
175_108,2
175_109,1
175_110,1
175_111,1
175_112,1
175_113,2
175_114,1
175_115,1
175_116,2
175_12,1
175_13,2
175_14,2
175_15,2
175_16,1
175_17,1
175_18,1
175_19,1
175_2,1
175_20,1
175_21,1
175_22,1
175_23,1
175_24,2
175_25,1
175_26,1
175_27,1
175_28,2
175_29,2
175_3,1
175_30,1
175_31,1
175_32,2
175_33,2
175_34,1
175_35,1
175_36,1
175_37,2
175_38,2
175_39,1
175_4,1
175_40,1
175_41,2
175_43,1
175_44,1
175_45,1
175_46,1
175_47,1
175_48,2
175_49,2
175_5,2
175_50,2
175_51,1
175_52,1
175_53,1
175_54,1
175_55,1
175_56,2
175_57,1
175_58,2
175_59,1
175_6,1
175_60,1
175_61,1
175_62,2
175_63,1
175_64,1
175_65,1
175_66,1
175_67,1
175_68,1
175_69,1
175_7,1
175_70,1
175_71,1
175_72,2
175_73,2
175_74,1
175_75,1
175_76,1
175_77,1
175_78,2
175_79,2
175_8,1
175_80,2
175_81,2
175_82,2
175_83,1
175_84,1
175_85,1
175_86,1
175_87,1
175_88,1
175_89,1
175_9,2
175_90,1
175_91,1
175_92,1
175_93,1
175_94,1
175_95,1
175_96,1
175_97,1
175_98,1
175_99,2
183_1,2
183_10,2
183_11,2
183_12,1
183_13,2
183_14,2
183_18,2
183_19,1
183_2,2
183_20,1
183_21,2
183_22,2
183_23,2
183_24,2
183_25,1
183_26,1
183_27,2
183_28,1
183_29,2
183_3,2
183_30,2
183_31,1
183_32,1
183_33,2
183_34,1
183_35,1
183_36,2
183_37,2
183_38,1
183_4,2
183_40,1
183_41,1
183_42,2
183_43,1
183_44,1
183_45,2
183_46,1
183_47,2
183_48,2
183_49,1
183_5,1
183_50,2
183_53,2
183_6,1
183_7,1
183_8,1
183_9,2
185_1,2
185_10,1
185_100,1
185_101,2
185_102,2
185_103,2
185_105,1
185_106,2
185_107,2
185_108,1
185_109,1
185_11,2
185_110,2
185_111,2
185_112,1
185_113,2
185_114,1
185_115,1
185_116,1
185_117,1
185_118,1
185_119,1
185_120,1
185_121,1
185_122,2
185_123,2
185_124,1
185_125,2
185_13,1
185_14,1
185_15,1
185_16,2
185_17,1
185_18,2
185_19,1
185_2,1
185_20,1
185_21,2
185_23,1
185_24,1
185_25,2
185_26,1
185_27,2
185_28,2
185_29,1
185_3,1
185_30,1
185_31,2
185_33,2
185_34,2
185_35,2
185_36,1
185_38,2
185_39,2
185_4,2
185_43,2
185_44,1
185_45,1
185_46,2
185_47,1
185_48,2
185_49,2
185_5,2
185_50,2
185_51,1
185_52,2
185_53,1
185_54,1
185_55,1
185_56,2
185_57,2
185_58,2
185_6,1
185_60,1
185_61,2
185_62,2
185_63,2
185_64,2
185_65,1
185_66,1
185_67,2
185_68,2
185_69,1
185_7,2
185_70,2
185_71,2
185_72,2
185_73,1
185_74,2
185_75,1
185_76,2
185_77,2
185_78,1
185_79,1
185_8,2
185_80,1
185_81,1
185_82,1
185_83,1
185_84,1
185_85,1
185_86,1
185_87,1
185_88,1
185_89,1
185_9,2
185_90,1
185_91,1
185_92,1
185_93,1
185_94,2
185_95,1
185_96,2
185_97,1
185_98,2
185_99,1
187_1,2
187_10,1
187_11,1
187_12,1
187_13,1
187_14,2
187_15,2
187_16,2
187_18,1
187_19,2
187_2,1
187_20,1
187_21,1
187_22,2
187_23,2
187_24,2
187_25,2
187_28,1
187_29,1
187_3,1
187_4,1
187_5,1
187_6,1
187_7,0
187_8,1
187_9,1
190_10,2
190_11,2
190_12,2
190_13,1
190_14,2
190_15,2
190_17,2
190_19,1
190_2,2
190_20,1
190_22,2
190_23,2
190_24,2
190_25,2
190_26,2
190_27,2
190_28,2
190_3,1
190_32,1
190_33,1
190_34,1
190_35,2
190_36,1
190_37,1
190_38,1
190_39,2
190_4,2
190_40,2
190_41,2
190_42,2
190_43,2
190_44,1
190_45,2
190_46,2
190_47,2
190_48,2
190_49,2
190_5,2
190_50,1
190_51,2
190_52,1
190_53,1
190_54,2
190_55,2
190_57,2
190_58,1
190_59,1
190_6,2
190_60,1
190_61,1
190_62,2
190_63,1
190_64,2
190_65,1
190_66,2
190_67,2
190_68,2
190_69,2
190_70,2
190_71,2
190_72,2
190_73,1
190_74,1
190_75,2
190_76,1
190_78,2
190_79,1
190_8,2
190_81,2
190_82,2
190_83,2
190_84,1
190_85,2
190_9,2
201_1,1
201_10,2
201_11,2
201_14,2
201_15,2
201_16,2
201_17,2
201_18,1
201_19,1
201_21,2
201_22,2
201_23,2
201_24,2
201_25,2
201_26,2
201_27,2
201_28,2
201_29,1
201_3,1
201_30,1
201_31,2
201_34,2
201_35,1
201_36,1
201_37,1
201_38,1
201_39,2
201_4,2
201_40,2
201_41,2
201_44,2
201_45,1
201_47,2
201_49,1
201_5,2
201_50,2
201_51,1
201_52,1
201_6,1
201_8,2
201_9,2
210_1,2
210_10,2
210_11,1
210_12,1
210_13,1
210_14,1
210_17,2
210_18,1
210_19,2
210_21,1
210_23,2
210_24,2
210_25,2
210_26,1
210_27,2
210_28,2
210_29,2
210_3,1
210_30,1
210_31,2
210_32,2
210_33,1
210_34,2
210_35,2
210_36,2
210_37,1
210_38,2
210_39,2
210_4,2
210_40,2
210_42,2
210_43,1
210_44,2
210_45,1
210_47,1
210_48,1
210_5,1
210_50,1
210_52,2
210_53,2
210_54,1
210_55,2
210_56,2
210_57,2
210_59,2
210_6,1
210_61,2
210_64,1
210_65,1
210_67,2
210_69,1
210_7,1
210_70,1
210_71,1
210_72,1
210_74,2
210_76,2
210_77,2
210_78,2
210_79,2
210_8,2
210_80,2
210_81,2
210_82,1
210_83,2
210_84,1
210_85,2
210_86,2
210_88,1
210_89,1
210_9,2
210_90,2
210_91,2
210_92,2
210_93,2
210_94,1
210_95,1
217_1,1
217_10,1
217_100,1
217_101,2
217_102,1
217_103,1
217_104,1
217_107,2
217_108,2
217_109,2
217_11,1
217_110,1
217_111,2
217_112,2
217_113,1
217_114,1
217_115,2
217_116,2
217_117,2
217_118,2
217_119,2
217_12,1
217_121,1
217_123,1
217_127,1
217_128,1
217_129,1
217_13,1
217_130,1
217_131,2
217_133,2
217_134,2
217_135,2
217_136,1
217_137,1
217_139,1
217_14,1
217_140,1
217_141,2
217_142,1
217_145,1
217_146,1
217_147,1
217_148,2
217_149,1
217_15,2
217_150,1
217_151,1
217_152,1
217_154,1
217_155,1
217_156,1
217_157,2
217_158,1
217_16,1
217_160,2
217_161,2
217_17,2
217_18,1
217_19,1
217_2,1
217_20,1
217_21,1
217_22,1
217_23,2
217_24,2
217_25,1
217_26,1
217_28,1
217_29,2
217_3,1
217_30,1
217_32,2
217_33,1
217_34,2
217_35,1
217_36,2
217_37,1
217_38,1
217_39,2
217_4,1
217_41,1
217_44,1
217_45,1
217_46,1
217_47,1
217_48,2
217_49,1
217_5,1
217_50,1
217_51,2
217_52,2
217_53,2
217_54,2
217_55,1
217_56,2
217_57,2
217_58,1
217_59,2
217_6,1
217_60,2
217_61,2
217_62,2
217_63,2
217_65,1
217_67,1
217_68,2
217_69,2
217_7,1
217_70,2
217_71,2
217_74,1
217_77,2
217_78,2
217_79,2
217_8,2
217_80,2
217_81,2
217_82,2
217_83,1
217_84,2
217_85,2
217_86,2
217_87,2
217_88,2
217_89,2
217_9,1
217_90,2
217_91,2
217_92,2
217_93,2
217_94,2
217_95,2
217_97,2
217_99,2
219_1,2
219_10,2
219_101,2
219_102,2
219_104,2
219_105,2
219_11,1
219_12,1
219_13,2
219_16,1
219_17,1
219_2,1
219_21,1
219_22,2
219_23,2
219_24,1
219_25,1
219_26,1
219_27,1
219_3,2
219_30,1
219_31,2
219_33,1
219_34,1
219_35,1
219_36,1
219_37,1
219_38,1
219_39,1
219_4,1
219_40,1
219_41,1
219_42,2
219_43,1
219_44,2
219_45,2
219_46,1
219_47,1
219_48,1
219_5,2
219_50,1
219_51,1
219_53,1
219_54,2
219_55,1
219_56,2
219_57,2
219_58,1
219_59,2
219_6,1
219_61,1
219_62,1
219_64,1
219_65,1
219_66,1
219_67,1
219_69,1
219_7,1
219_70,1
219_71,2
219_73,1
219_78,1
219_79,2
219_8,1
219_81,2
219_82,2
219_88,2
219_9,1
219_94,1
219_95,1
219_96,1
219_97,1
219_98,1
219_99,1
223_10,1
223_11,1
223_12,2
223_13,1
223_14,2
223_15,2
223_17,2
223_18,1
223_2,2
223_20,2
223_21,2
223_25,1
223_26,2
223_27,1
223_28,2
223_29,2
223_3,2
223_30,2
223_31,2
223_32,1
223_33,1
223_34,1
223_35,2
223_36,2
223_37,2
223_38,2
223_39,2
223_4,2
223_40,2
223_41,2
223_42,2
223_43,1
223_44,1
223_45,2
223_46,1
223_47,2
223_48,2
223_49,2
223_5,2
223_50,1
223_51,2
223_52,2
223_53,2
223_54,2
223_56,1
223_57,1
223_58,1
223_59,2
223_6,1
223_61,2
223_62,2
223_63,2
223_64,2
223_66,2
223_67,2
223_7,2
223_8,2
223_9,2
230_10,2
230_100,2
230_101,2
230_102,1
230_103,2
230_104,2
230_105,2
230_106,2
230_107,2
230_108,2
230_109,2
230_11,2
230_110,2
230_112,2
230_114,2
230_115,2
230_116,1
230_117,2
230_119,2
230_12,2
230_121,1
230_122,2
230_123,1
230_124,1
230_125,2
230_126,2
230_128,2
230_129,2
230_130,2
230_132,1
230_134,2
230_136,2
230_137,2
230_139,2
230_141,1
230_143,2
230_15,2
230_16,2
230_18,2
230_19,1
230_2,1
230_20,2
230_21,2
230_23,1
230_24,1
230_25,1
230_26,1
230_27,2
230_28,2
230_29,2
230_3,2
230_30,2
230_32,2
230_33,2
230_34,1
230_35,2
230_36,2
230_37,1
230_38,2
230_39,2
230_4,2
230_40,2
230_41,2
230_42,2
230_44,2
230_45,2
230_48,1
230_49,1
230_5,2
230_50,1
230_51,1
230_52,1
230_53,2
230_54,1
230_56,2
230_58,1
230_59,2
230_6,2
230_61,2
230_62,2
230_63,2
230_64,1
230_65,2
230_66,2
230_67,1
230_68,2
230_69,2
230_7,2
230_71,1
230_73,2
230_75,1
230_76,1
230_77,2
230_78,1
230_80,1
230_82,2
230_83,2
230_84,2
230_86,2
230_87,1
230_88,2
230_89,1
230_90,1
230_91,1
230_92,2
230_93,2
230_94,1
230_95,2
230_96,2
230_98,2
230_99,1
240_10,1
240_11,2
240_12,2
240_13,1
240_14,1
240_15,1
240_16,2
240_2,1
240_20,1
240_22,2
240_23,1
240_24,1
240_25,1
240_26,2
240_27,2
240_28,1
240_29,1
240_30,2
240_31,2
240_32,2
240_33,2
240_34,2
240_38,1
240_39,2
240_4,1
240_40,2
240_41,2
240_42,1
240_43,1
240_44,1
240_45,1
240_46,2
240_47,2
240_48,1
240_51,2
240_52,1
240_53,1
240_57,2
240_58,2
240_59,2
240_6,2
240_61,1
240_62,2
240_63,1
240_64,2
240_65,1
240_66,1
240_68,2
240_69,2
240_7,1
240_71,2
240_72,2
240_74,2
240_77,1
240_78,2
240_80,1
240_82,1
240_83,2
240_84,1
240_85,1
240_87,2
240_88,2
240_9,1
240_90,1
240_92,1
240_93,2
240_94,2
250_1,2
250_10,2
250_11,1
250_12,1
250_13,1
250_14,2
250_15,2
250_16,1
250_17,2
250_18,1
250_19,1
250_2,1
250_20,1
250_21,2
250_25,1
250_26,2
250_27,2
250_28,2
250_29,1
250_3,1
250_30,2
250_31,2
250_32,2
250_35,1
250_39,1
250_40,2
250_45,1
250_46,2
250_47,2
250_49,2
250_5,1
250_50,1
250_51,2
250_52,1
250_53,1
250_54,1
250_55,1
250_56,2
250_59,1
250_6,1
250_61,1
250_62,1
250_63,1
250_64,2
250_65,2
250_66,2
250_67,2
250_68,2
250_69,2
250_7,2
250_70,2
250_72,2
250_8,1
250_9,2
250_92,1
250_95,1
250_96,1
250_98,1
250_99,1
253_1,2
253_10,2
253_100,2
253_101,2
253_103,2
253_104,2
253_106,2
253_107,2
253_108,2
253_109,2
253_11,1
253_110,2
253_111,1
253_112,2
253_114,1
253_13,1
253_14,2
253_16,1
253_17,1
253_18,2
253_19,2
253_2,2
253_20,2
253_21,2
253_22,2
253_23,2
253_24,2
253_25,2
253_26,2
253_27,1
253_28,2
253_29,2
253_3,2
253_30,2
253_32,2
253_33,1
253_34,2
253_35,1
253_36,2
253_37,2
253_38,1
253_39,2
253_4,1
253_40,2
253_42,2
253_43,2
253_44,2
253_45,2
253_46,2
253_48,1
253_49,2
253_5,2
253_50,2
253_51,2
253_52,2
253_53,2
253_54,2
253_56,2
253_57,1
253_58,2
253_59,2
253_6,2
253_60,1
253_61,2
253_62,1
253_63,1
253_65,2
253_66,2
253_67,1
253_68,2
253_69,2
253_7,2
253_70,1
253_71,1
253_72,1
253_73,2
253_74,2
253_75,1
253_76,2
253_77,2
253_78,2
253_79,2
253_8,2
253_80,2
253_83,2
253_84,2
253_85,2
253_86,2
253_88,2
253_89,2
253_9,1
253_90,1
253_91,1
253_92,2
253_93,2
253_94,1
253_95,2
253_97,2
253_99,2
259_10,2
259_100,2
259_101,2
259_102,1
259_103,1
259_104,2
259_105,2
259_106,2
259_107,2
259_108,2
259_109,2
259_11,1
259_110,2
259_111,2
259_112,1
259_113,2
259_114,1
259_115,2
259_118,2
259_119,1
259_12,1
259_120,2
259_121,1
259_122,2
259_123,1
259_124,1
259_125,1
259_126,2
259_127,1
259_128,1
259_13,1
259_130,2
259_133,2
259_136,1
259_137,2
259_139,1
259_14,1
259_140,1
259_141,2
259_142,1
259_15,1
259_16,2
259_18,2
259_19,2
259_2,1
259_20,1
259_21,2
259_22,1
259_23,1
259_24,1
259_25,2
259_26,2
259_27,1
259_28,1
259_29,2
259_30,1
259_31,2
259_32,2
259_34,2
259_36,1
259_38,1
259_39,1
259_4,2
259_40,2
259_41,1
259_42,1
259_43,1
259_5,1
259_56,2
259_57,2
259_6,2
259_60,1
259_62,1
259_64,2
259_65,1
259_67,1
259_69,1
259_74,1
259_79,2
259_8,2
259_80,1
259_81,1
259_82,2
259_83,1
259_84,1
259_89,1
259_9,1
259_90,2
259_91,2
259_92,2
259_93,2
259_94,1
259_95,1
259_96,1
259_97,1
259_98,2
259_99,1
260_1,2
260_10,1
260_11,1
260_12,1
260_13,1
260_16,2
260_17,2
260_18,1
260_19,2
260_21,2
260_22,1
260_23,2
260_24,1
260_25,2
260_26,2
260_27,2
260_30,2
260_32,1
260_34,1
260_35,1
260_40,1
260_41,2
260_44,1
260_45,1
260_47,1
260_48,1
260_5,2
260_50,1
260_51,1
260_52,2
260_55,1
260_57,1
260_6,1
260_61,1
260_62,1
260_63,2
260_64,1
260_65,2
260_66,1
265_1,1
265_10,1
265_100,2
265_101,2
265_103,1
265_104,1
265_106,1
265_107,1
265_108,1
265_109,2
265_11,1
265_110,2
265_111,1
265_112,1
265_113,2
265_114,2
265_116,1
265_117,1
265_118,2
265_119,2
265_12,1
265_120,1
265_121,1
265_123,2
265_124,1
265_125,1
265_126,2
265_128,2
265_129,1
265_130,1
265_131,1
265_132,1
265_133,1
265_134,2
265_135,2
265_136,1
265_137,1
265_138,2
265_14,2
265_142,2
265_143,1
265_144,2
265_145,2
265_146,2
265_147,1
265_148,2
265_149,2
265_15,1
265_150,2
265_151,2
265_152,1
265_154,1
265_155,1
265_156,2
265_157,2
265_16,1
265_160,1
265_161,1
265_163,1
265_164,2
265_165,1
265_166,1
265_167,2
265_168,2
265_169,1
265_17,2
265_171,1
265_172,2
265_173,2
265_174,1
265_175,2
265_176,1
265_177,1
265_178,1
265_18,2
265_180,2
265_181,2
265_186,1
265_187,1
265_188,1
265_189,1
265_19,1
265_190,1
265_191,1
265_192,2
265_193,2
265_195,2
265_196,1
265_2,2
265_20,2
265_21,2
265_22,1
265_23,2
265_24,1
265_25,1
265_28,1
265_29,1
265_3,2
265_30,1
265_31,1
265_32,1
265_33,1
265_34,2
265_35,2
265_36,1
265_37,1
265_4,1
265_42,2
265_43,2
265_44,2
265_45,1
265_46,2
265_47,1
265_48,2
265_49,2
265_5,1
265_51,2
265_53,1
265_54,2
265_55,2
265_56,2
265_57,2
265_58,1
265_59,2
265_6,2
265_60,2
265_62,2
265_63,2
265_64,1
265_7,1
265_71,2
265_74,1
265_75,1
265_77,1
265_78,2
265_8,1
265_81,2
265_82,2
265_83,1
265_85,2
265_86,2
265_88,2
265_89,2
265_90,2
265_92,1
265_93,2
265_94,1
265_95,1
265_96,1
265_97,2
265_98,2
265_99,2
269_1,2
269_10,2
269_11,1
269_12,1
269_13,1
269_15,1
269_16,1
269_17,1
269_18,2
269_19,1
269_2,2
269_20,2
269_21,2
269_22,1
269_23,2
269_25,2
269_26,2
269_29,2
269_3,2
269_31,1
269_32,2
269_33,1
269_34,1
269_38,2
269_4,2
269_40,1
269_41,2
269_42,2
269_43,1
269_44,1
269_45,1
269_48,2
269_5,2
269_50,2
269_52,2
269_53,1
269_54,2
269_55,2
269_56,2
269_6,2
269_7,1
269_8,2
269_9,2
270_14,1
270_29,2
270_31,1
270_34,2
270_36,1
270_38,2
270_39,2
270_40,1
270_41,1
270_42,1
270_43,2
270_44,2
270_45,1
270_46,2
270_47,1
270_49,1
270_5,2
270_50,1
270_51,1
270_52,1
270_55,2
270_57,2
270_58,2
270_59,2
270_60,2
270_61,2
270_62,2
270_63,1
270_65,1
270_67,1
270_71,1
270_73,2
270_79,2
270_80,2
306_19,1
306_20,2
306_29,2
306_32,2
306_33,2
306_35,1
306_39,2
306_40,2
306_44,2
306_45,2
306_47,2
306_48,1
306_49,1
306_50,2
306_51,2
306_52,1
306_53,1
306_56,2
306_57,2
306_61,2
306_68,2
316_102,1
316_105,1
316_108,2
316_110,2
316_111,2
316_112,1
316_113,1
316_117,1
316_123,1
316_13,2
316_130,1
316_131,2
316_132,2
316_134,1
316_135,2
316_136,1
316_138,2
316_142,2
316_143,1
316_144,2
316_146,1
316_149,1
316_19,1
316_22,2
316_23,2
316_25,1
316_27,2
316_28,1
316_29,2
316_30,2
316_32,1
316_34,1
316_35,2
316_36,2
316_37,2
316_38,2
316_39,2
316_40,2
316_42,1
316_43,1
316_45,2
316_46,2
316_47,2
316_48,1
316_49,1
316_5,1
316_50,1
316_51,1
316_52,1
316_53,1
316_54,1
316_56,1
316_57,1
316_58,2
316_59,1
316_60,1
316_61,2
316_62,1
316_63,1
316_64,1
316_7,2
316_71,1
316_72,1
316_73,1
316_74,1
316_78,2
316_79,1
316_81,1
316_86,1
316_91,1
316_92,1
316_93,1
316_94,1
316_95,2
320_10,1
320_11,2
320_13,1
320_14,2
320_17,1
320_18,1
320_19,1
320_20,1
320_21,2
320_22,2
320_24,1
320_25,1
320_26,1
320_27,2
320_30,1
320_31,1
320_32,1
320_33,1
320_35,1
320_4,1
320_40,2
320_41,2
320_43,1
320_44,2
320_45,1
320_48,1
320_5,2
320_58,2
320_59,2
320_6,2
320_65,2
320_66,2
320_67,2
320_7,1
320_70,2
320_72,1
320_74,2
320_77,1
320_79,1
320_81,1
320_82,2
320_83,1
320_9,1
326_1,1
326_10,1
326_101,2
326_102,2
326_106,2
326_107,1
326_109,2
326_11,1
326_110,2
326_112,1
326_17,2
326_27,2
326_31,1
326_32,2
326_33,1
326_34,2
326_37,1
326_38,1
326_40,2
326_43,2
326_44,2
326_45,2
326_48,2
326_49,1
326_51,2
326_6,1
326_62,2
326_64,2
326_7,2
326_75,1
326_8,1
326_80,2
326_81,2
326_84,2
326_88,2
326_89,1
326_91,1
326_92,2
326_93,1
326_95,1
326_96,2
329_1,1
329_11,2
329_18,2
329_19,2
329_20,1
329_21,2
329_22,2
329_24,1
329_25,1
329_28,1
329_3,1
329_32,1
329_33,1
329_34,1
329_35,1
329_36,1
329_37,2
329_38,2
329_39,2
329_42,1
329_43,2
329_44,2
329_45,1
329_46,1
329_47,1
329_48,1
329_49,1
329_50,1
329_52,1
329_53,2
329_55,2
329_56,1
329_57,1
329_58,2
329_59,2
329_61,1
329_63,1
329_67,1
329_68,1
329_69,1
329_70,1
329_72,2
329_73,1
329_74,1
330_100,1
330_101,1
330_102,1
330_103,2
330_108,1
330_109,1
330_11,2
330_110,1
330_111,2
330_112,1
330_113,1
330_114,1
330_115,1
330_116,1
330_117,1
330_118,1
330_119,1
330_120,2
330_121,2
330_122,2
330_123,1
330_125,2
330_126,1
330_127,2
330_13,2
330_131,1
330_132,1
330_134,2
330_135,2
330_136,1
330_137,2
330_138,1
330_139,2
330_14,2
330_140,2
330_141,2
330_143,1
330_148,2
330_149,1
330_15,2
330_152,1
330_153,1
330_157,1
330_158,2
330_16,1
330_162,2
330_163,2
330_164,2
330_165,2
330_17,2
330_171,2
330_173,1
330_174,1
330_175,2
330_177,2
330_179,1
330_18,2
330_180,1
330_181,2
330_182,1
330_183,2
330_184,2
330_186,1
330_187,1
330_188,2
330_189,1
330_19,1
330_190,1
330_193,1
330_2,2
330_20,1
330_22,1
330_25,1
330_26,2
330_28,2
330_29,1
330_3,2
330_30,1
330_31,2
330_32,2
330_33,2
330_35,1
330_36,1
330_37,1
330_39,1
330_4,2
330_44,1
330_45,2
330_48,1
330_49,2
330_5,2
330_52,1
330_57,1
330_58,2
330_59,2
330_6,1
330_60,2
330_61,1
330_62,1
330_63,1
330_64,2
330_65,2
330_67,2
330_69,1
330_70,1
330_71,1
330_72,1
330_73,1
330_74,2
330_75,1
330_76,1
330_77,2
330_78,2
330_79,1
330_81,1
330_82,2
330_83,1
330_84,1
330_86,1
330_87,1
330_88,1
330_89,2
330_90,1
330_91,1
330_92,1
330_93,2
330_94,1
330_95,1
330_96,1
330_97,2
330_98,2
330_99,2
336_14,2
336_16,2
336_19,1
336_20,1
336_21,1
336_3,1
336_30,1
336_32,2
336_40,2
336_41,1
336_42,2
336_43,1
336_47,2
336_48,1
336_5,1
336_50,2
336_7,2
336_8,1
340_11,2
340_12,1
340_13,1
340_14,2
340_15,2
340_16,2
340_19,1
340_20,1
340_32,1
340_33,1
340_34,1
340_35,1
340_36,1
340_37,2
340_40,2
340_41,2
340_43,1
340_44,1
340_46,2
340_47,1
340_49,1
340_50,2
340_51,2
340_53,2
340_54,2
340_56,1
340_57,1
340_58,2
340_6,2
340_60,2
340_67,2
340_7,1
340_9,2
350_1,2
350_10,2
350_12,2
350_24,1
350_25,1
350_3,2
350_38,2
350_39,2
350_40,1
350_43,2
350_44,1
350_45,2
350_49,2
350_5,1
350_50,2
350_51,2
350_52,1
350_54,1
350_55,1
350_57,2
350_6,2
350_7,1
350_9,1
360_10,2
360_106,2
360_108,2
360_112,2
360_113,2
360_115,1
360_13,2
360_17,2
360_18,1
360_20,2
360_22,2
360_23,2
360_24,1
360_25,1
360_27,2
360_28,2
360_3,2
360_31,2
360_33,2
360_34,2
360_35,2
360_38,2
360_39,2
360_42,2
360_54,1
360_55,1
360_56,1
360_57,1
360_59,2
360_61,2
360_62,2
360_63,2
360_64,2
360_65,2
360_66,2
360_67,2
360_69,2
360_70,2
360_72,1
360_77,2
360_78,1
360_8,2
360_80,2
360_82,1
360_83,1
360_84,2
360_87,1
360_88,1
360_94,1
360_95,2
360_97,1
370_1,1
370_10,1
370_100,1
370_101,2
370_102,1
370_103,2
370_104,2
370_105,1
370_106,2
370_107,2
370_108,2
370_109,2
370_11,2
370_110,1
370_112,1
370_113,1
370_114,1
370_115,1
370_116,1
370_117,1
370_118,1
370_119,1
370_12,1
370_120,1
370_121,1
370_122,1
370_128,1
370_129,2
370_13,2
370_130,1
370_131,1
370_133,1
370_134,1
370_135,1
370_136,1
370_137,1
370_139,1
370_14,1
370_140,1
370_141,1
370_142,1
370_145,2
370_146,2
370_147,2
370_149,2
370_150,2
370_151,2
370_153,1
370_154,1
370_155,1
370_156,2
370_157,1
370_158,1
370_16,1
370_160,1
370_161,2
370_162,1
370_163,1
370_165,1
370_167,1
370_17,1
370_170,1
370_173,1
370_174,1
370_175,1
370_176,1
370_177,2
370_178,1
370_179,2
370_18,1
370_180,1
370_181,1
370_182,1
370_183,1
370_184,2
370_185,1
370_186,2
370_187,1
370_189,1
370_2,1
370_21,1
370_22,1
370_26,1
370_28,2
370_3,1
370_31,1
370_35,2
370_38,1
370_4,1
370_43,2
370_5,1
370_52,2
370_6,1
370_7,1
370_73,1
370_74,1
370_75,2
370_77,2
370_78,1
370_79,2
370_8,1
370_80,1
370_81,2
370_82,1
370_84,2
370_85,1
370_87,1
370_88,2
370_89,1
370_9,1
370_90,1
370_91,1
370_93,2
370_94,2
370_95,2
370_96,2
370_97,1
370_98,2
370_99,1
376_1,1
376_10,1
376_100,1
376_101,2
376_102,2
376_103,2
376_104,2
376_105,1
376_106,1
376_107,1
376_109,1
376_11,1
376_110,1
376_111,1
376_113,2
376_12,1
376_121,2
376_123,2
376_129,1
376_132,1
376_133,1
376_135,1
376_139,1
376_140,2
376_141,1
376_143,2
376_144,1
376_145,2
376_146,1
376_148,1
376_15,1
376_16,1
376_17,2
376_18,1
376_19,1
376_2,1
376_20,1
376_21,2
376_22,1
376_23,2
376_24,2
376_3,1
376_38,2
376_41,1
376_45,2
376_46,2
376_47,2
376_49,2
376_6,2
376_60,2
376_61,1
376_62,2
376_64,1
376_66,1
376_67,1
376_68,1
376_7,2
376_70,2
376_71,2
376_8,1
376_9,2
376_91,2
376_92,2
376_94,1
376_96,1
376_98,1
390_10,2
390_102,2
390_14,2
390_15,1
390_16,2
390_17,2
390_18,1
390_27,1
390_28,2
390_29,2
390_3,1
390_41,2
390_42,1
390_45,2
390_46,2
390_47,2
390_50,1
390_52,1
390_53,1
390_54,1
390_56,1
390_57,2
390_58,1
390_6,1
390_61,1
390_62,2
390_63,2
390_64,1
390_65,2
390_66,2
390_67,1
390_69,1
390_7,1
390_70,2
390_71,1
390_72,1
390_73,1
390_74,1
390_75,1
390_76,1
390_82,1
390_89,1
390_91,2
390_92,1
390_93,2
390_94,1
400_1,1
400_10,2
400_103,1
400_104,2
400_105,1
400_106,1
400_107,1
400_108,1
400_11,1
400_110,2
400_114,2
400_115,2
400_116,1
400_12,2
400_15,1
400_16,2
400_17,1
400_18,2
400_2,1
400_20,1
400_26,2
400_28,2
400_3,1
400_30,2
400_31,2
400_32,1
400_33,1
400_34,1
400_35,2
400_38,2
400_39,2
400_4,1
400_41,1
400_45,1
400_51,2
400_52,2
400_56,1
400_57,2
400_6,1
400_62,1
400_66,1
400_67,2
400_68,1
400_69,1
400_70,2
400_71,1
400_73,1
400_74,1
400_75,2
400_76,2
400_78,2
400_8,1
400_80,1
400_81,2
400_83,1
400_87,1
400_88,1
400_89,1
400_9,2
400_91,2
400_92,1
400_96,1
400_98,2
410_10,1
410_12,1
410_13,2
410_14,1
410_15,1
410_16,2
410_17,2
410_18,1
410_19,1
410_20,1
410_21,2
410_23,2
410_24,2
410_25,1
410_26,1
410_32,2
410_33,2
410_34,1
410_36,1
410_37,1
410_39,2
410_4,2
410_40,2
410_41,2
410_42,2
410_43,1
410_45,1
410_54,2
410_55,2
410_6,1
410_60,1
410_63,2
410_64,1
410_65,1
410_69,1
410_7,1
410_70,1
410_73,2
410_74,1
410_75,1
410_76,1
410_8,2
410_82,2
410_86,2
410_9,1
420_10,2
420_11,2
420_12,2
420_14,2
420_15,2
420_16,1
420_18,2
420_24,1
420_25,2
420_26,2
420_4,1
420_41,2
420_42,1
420_5,1
420_52,1
420_53,2
420_54,2
420_55,1
420_56,2
420_6,2
420_61,2
420_67,2
420_68,2
420_69,1
420_71,2
420_72,2
420_75,2
420_76,1
420_77,2
420_8,2
420_80,2
420_87,1
420_88,1
430_101,2
430_106,2
430_107,1
430_108,1
430_109,1
430_111,1
430_112,2
430_114,1
430_115,1
430_117,2
430_118,2
430_119,1
430_12,1
430_122,2
430_124,2
430_16,2
430_18,1
430_19,1
430_22,1
430_23,2
430_29,2
430_30,1
430_32,2
430_33,2
430_34,1
430_35,2
430_36,2
430_38,2
430_39,2
430_4,1
430_40,2
430_41,1
430_44,2
430_46,2
430_47,1
430_48,2
430_52,1
430_59,1
430_61,2
430_62,1
430_66,2
430_68,1
430_70,1
430_74,2
430_76,1
430_78,1
430_80,1
430_82,2
430_83,2
430_89,2
440_10,1
440_11,2
440_12,2
440_13,2
440_14,1
440_15,1
440_16,1
440_17,2
440_19,1
440_2,1
440_21,1
440_23,2
440_25,2
440_26,1
440_3,1
440_30,2
440_33,1
440_35,2
440_4,1
440_40,2
440_41,2
440_43,2
440_44,2
440_47,2
440_5,1
440_50,1
440_51,1
440_54,2
440_55,2
440_56,2
440_6,1
440_60,2
440_7,2
440_8,2
450_15,1
450_2,1
450_26,1
450_27,2
450_28,2
450_32,1
450_33,1
450_34,1
450_35,2
450_36,1
450_37,1
450_38,2
450_39,2
450_4,2
450_40,1
450_45,1
450_46,2
450_47,2
450_49,2
450_50,2
450_51,1
450_52,1
450_55,1
450_56,2
450_57,2
450_58,1
450_60,1
450_61,1
450_62,1
450_63,1
450_64,2
450_68,1
450_70,2
461_101,1
461_102,1
461_103,1
461_104,1
461_105,1
461_106,2
461_107,1
461_108,1
461_110,1
461_111,2
461_112,1
461_113,1
461_114,2
461_115,1
461_117,1
461_118,1
461_119,1
461_12,2
461_120,2
461_121,1
461_122,1
461_123,1
461_124,1
461_125,1
461_126,1
461_127,1
461_128,1
461_129,1
461_13,1
461_130,1
461_131,1
461_132,1
461_134,2
461_135,1
461_136,2
461_137,1
461_138,2
461_139,2
461_140,2
461_141,1
461_142,2
461_143,1
461_144,1
461_147,1
461_148,1
461_149,1
461_15,2
461_150,1
461_151,1
461_153,1
461_154,1
461_155,1
461_156,1
461_157,0
461_159,2
461_16,2
461_160,2
461_161,2
461_162,2
461_163,2
461_164,1
461_166,1
461_167,1
461_168,2
461_169,2
461_17,2
461_170,2
461_171,1
461_172,1
461_173,1
461_174,1
461_175,1
461_176,1
461_177,1
461_178,1
461_180,1
461_181,1
461_182,1
461_183,1
461_184,1
461_185,1
461_186,1
461_188,1
461_189,1
461_19,1
461_190,1
461_191,1
461_192,1
461_193,1
461_194,1
461_195,1
461_196,1
461_197,2
461_198,1
461_199,1
461_2,1
461_20,1
461_200,1
461_201,1
461_202,1
461_203,1
461_204,1
461_205,1
461_206,1
461_207,1
461_208,1
461_209,1
461_21,1
461_210,1
461_211,1
461_213,1
461_214,1
461_215,1
461_216,1
461_219,2
461_22,1
461_221,1
461_222,1
461_223,1
461_224,1
461_225,1
461_226,2
461_227,1
461_228,1
461_229,1
461_23,2
461_230,1
461_232,1
461_233,1
461_234,1
461_235,1
461_236,1
461_237,1
461_238,1
461_239,1
461_24,1
461_240,1
461_241,1
461_242,1
461_243,1
461_244,1
461_245,1
461_246,2
461_247,2
461_248,1
461_249,1
461_25,2
461_250,1
461_252,1
461_253,1
461_254,1
461_255,2
461_256,1
461_257,1
461_258,1
461_259,1
461_26,1
461_260,2
461_261,2
461_262,2
461_263,2
461_264,1
461_265,1
461_266,2
461_267,1
461_268,1
461_269,1
461_27,1
461_270,1
461_271,0
461_272,1
461_273,1
461_274,1
461_275,1
461_276,1
461_277,1
461_279,1
461_280,1
461_281,1
461_282,1
461_283,1
461_284,1
461_285,1
461_286,1
461_287,1
461_288,1
461_289,1
461_29,2
461_290,1
461_291,1
461_292,1
461_293,1
461_294,1
461_295,1
461_296,2
461_297,1
461_298,1
461_299,1
461_30,2
461_300,2
461_301,1
461_302,0
461_303,1
461_304,1
461_305,1
461_306,0
461_307,1
461_308,1
461_309,2
461_31,1
461_310,2
461_311,2
461_312,2
461_313,1
461_314,2
461_315,1
461_316,1
461_317,1
461_319,2
461_32,1
461_320,1
461_321,1
461_322,1
461_323,2
461_324,2
461_327,2
461_328,1
461_33,2
461_331,2
461_332,1
461_333,2
461_334,1
461_335,2
461_336,2
461_338,1
461_339,1
461_34,1
461_340,2
461_341,2
461_342,2
461_343,1
461_344,2
461_345,2
461_347,2
461_348,2
461_349,2
461_35,1
461_350,2
461_351,2
461_352,2
461_353,2
461_354,2
461_355,1
461_356,2
461_357,1
461_358,1
461_36,1
461_364,1
461_365,2
461_366,1
461_367,2
461_368,1
461_369,2
461_37,1
461_370,1
461_371,1
461_372,1
461_373,1
461_374,1
461_375,1
461_376,2
461_377,2
461_378,1
461_379,1
461_38,1
461_380,1
461_381,1
461_382,1
461_383,1
461_384,1
461_385,2
461_386,1
461_387,2
461_388,1
461_389,2
461_39,1
461_390,2
461_391,1
461_398,1
461_40,1
461_400,1
461_401,1
461_402,2
461_404,2
461_406,2
461_407,1
461_408,2
461_409,1
461_41,1
461_411,1
461_412,2
461_413,1
461_414,1
461_415,1
461_416,2
461_417,2
461_419,1
461_42,2
461_420,1
461_421,2
461_422,1
461_423,1
461_424,2
461_427,1
461_428,1
461_429,1
461_43,1
461_432,1
461_433,1
461_434,1
461_435,2
461_436,1
461_437,1
461_438,1
461_44,2
461_443,1
461_444,2
461_446,1
461_447,1
461_448,1
461_449,1
461_451,1
461_453,1
461_454,1
461_455,1
461_457,0
461_458,1
461_459,1
461_460,1
461_461,1
461_462,1
461_465,1
461_466,1
461_467,1
461_468,1
461_469,1
461_47,1
461_470,1
461_471,1
461_472,1
461_473,1
461_474,1
461_475,1
461_476,2
461_477,0
461_478,1
461_479,1
461_48,1
461_480,1
461_481,0
461_482,1
461_483,2
461_484,2
461_485,1
461_486,1
461_487,1
461_488,2
461_489,0
461_49,1
461_490,1
461_491,2
461_492,1
461_493,2
461_494,1
461_495,1
461_497,2
461_498,1
461_5,1
461_50,1
461_500,1
461_501,1
461_502,2
461_503,2
461_505,1
461_506,1
461_507,1
461_508,1
461_509,1
461_51,2
461_510,2
461_511,1
461_512,1
461_513,1
461_514,1
461_52,2
461_520,1
461_521,1
461_53,2
461_54,2
461_55,2
461_56,2
461_57,2
461_58,2
461_59,2
461_6,2
461_60,1
461_62,2
461_63,2
461_64,2
461_65,2
461_66,2
461_67,2
461_68,2
461_69,2
461_70,2
461_71,2
461_73,1
461_74,2
461_76,1
461_77,2
461_78,1
461_79,2
461_8,1
461_80,1
461_81,2
461_82,1
461_83,1
461_84,2
461_87,1
461_88,2
461_89,1
461_90,1
461_91,1
461_92,1
461_93,1
461_95,1
461_96,1
461_97,1
461_98,1
461_99,1
479_102,1
479_104,2
479_105,1
479_106,1
479_107,1
479_108,2
479_109,1
479_110,1
479_111,1
479_112,1
479_113,1
479_114,1
479_115,1
479_116,1
479_12,2
479_123,1
479_124,1
479_125,1
479_126,1
479_127,2
479_128,1
479_129,2
479_13,2
479_130,1
479_131,1
479_132,2
479_136,1
479_138,2
479_139,1
479_14,2
479_141,2
479_142,1
479_145,2
479_15,2
479_150,1
479_151,1
479_16,1
479_17,1
479_18,2
479_19,2
479_2,1
479_22,1
479_25,2
479_26,2
479_27,1
479_28,1
479_29,1
479_3,2
479_30,1
479_31,1
479_32,1
479_33,1
479_34,2
479_35,1
479_36,1
479_37,2
479_38,2
479_39,2
479_4,1
479_40,2
479_41,1
479_42,1
479_43,1
479_45,1
479_46,2
479_47,1
479_48,2
479_5,2
479_51,1
479_52,2
479_53,1
479_55,1
479_57,1
479_58,1
479_6,2
479_67,2
479_68,1
479_7,2
479_70,1
479_71,1
479_72,2
479_73,1
479_74,1
479_75,2
479_80,1
479_81,1
479_82,1
479_89,2
479_9,1
479_90,1
479_91,1
479_92,1
479_93,2
479_94,1
479_95,2
479_96,1
479_97,2
479_98,2
480_1,2
480_12,2
480_16,2
480_17,2
480_2,2
480_23,1
480_25,2
480_30,1
480_34,2
480_35,2
480_36,2
480_4,2
480_43,1
480_45,2
480_5,2
480_56,2
480_58,1
480_59,2
480_6,2
480_60,2
480_62,1
480_63,1
480_64,2
480_65,1
480_7,1
482_10,2
482_11,1
482_13,2
482_2,2
482_4,1
482_5,1
482_7,2
482_8,1
482_9,2
492_10,1
492_11,2
492_13,1
492_5,1
492_6,1
492_7,2
492_9,1
510_10,1
510_100,2
510_102,2
510_107,2
510_108,2
510_109,2
510_11,2
510_111,2
510_113,2
510_116,1
510_118,2
510_120,2
510_121,1
510_123,2
510_124,2
510_125,2
510_126,2
510_128,1
510_129,1
510_13,1
510_130,2
510_132,1
510_134,2
510_137,1
510_14,2
510_15,1
510_16,1
510_17,2
510_18,2
510_2,1
510_20,1
510_21,2
510_23,2
510_24,1
510_26,1
510_27,1
510_28,2
510_3,2
510_30,2
510_32,1
510_40,1
510_41,1
510_42,1
510_43,2
510_44,2
510_47,1
510_48,1
510_49,1
510_5,2
510_50,1
510_51,1
510_54,1
510_56,1
510_57,2
510_58,2
510_59,2
510_60,1
510_62,1
510_63,1
510_64,1
510_67,2
510_68,1
510_7,2
510_75,2
510_76,2
510_8,1
510_80,1
510_82,1
510_9,1
510_90,2
510_92,1
510_95,1
510_96,1
530_12,2
530_21,2
530_22,2
530_23,1
530_24,2
530_25,2
530_26,2
530_27,1
530_28,2
530_29,2
530_30,1
530_31,2
530_35,2
530_36,1
530_37,2
530_38,1
530_39,1
530_40,1
530_41,2
530_42,2
530_43,2
530_44,2
530_45,2
530_48,1
530_49,1
530_50,2
530_52,1
530_56,2
530_57,1
530_58,1
530_59,2
530_61,2
530_62,2
530_63,1
530_64,2
540_1,2
540_10,1
540_100,2
540_101,2
540_102,1
540_104,1
540_108,1
540_109,1
540_11,2
540_111,2
540_114,2
540_12,2
540_121,1
540_123,2
540_128,2
540_134,1
540_136,1
540_137,1
540_139,2
540_14,1
540_140,2
540_141,2
540_145,1
540_146,2
540_147,2
540_148,2
540_149,2
540_15,1
540_150,1
540_151,1
540_152,1
540_153,2
540_16,1
540_160,2
540_162,2
540_164,2
540_166,1
540_169,1
540_17,1
540_170,2
540_171,1
540_179,1
540_18,1
540_180,2
540_184,1
540_19,1
540_2,1
540_20,1
540_21,1
540_22,1
540_23,1
540_24,2
540_25,1
540_27,1
540_28,1
540_29,2
540_3,1
540_30,2
540_31,1
540_32,1
540_33,2
540_34,2
540_35,2
540_4,1
540_40,1
540_41,1
540_44,1
540_46,2
540_47,2
540_48,2
540_49,2
540_50,1
540_52,1
540_53,1
540_54,2
540_55,1
540_56,2
540_57,2
540_58,1
540_59,2
540_6,2
540_60,1
540_61,1
540_62,2
540_63,1
540_64,2
540_65,1
540_66,1
540_67,1
540_7,2
540_72,2
540_73,2
540_74,1
540_78,2
540_8,1
540_83,2
540_86,2
540_9,2
540_90,2
540_91,2
540_93,2
540_96,2
540_97,2
550_10,2
550_100,2
550_103,1
550_105,1
550_13,2
550_14,1
550_15,1
550_16,1
550_17,2
550_18,1
550_19,2
550_2,2
550_20,2
550_21,2
550_22,1
550_24,1
550_25,1
550_26,1
550_27,2
550_28,1
550_3,1
550_32,2
550_4,2
550_40,1
550_47,1
550_5,2
550_52,2
550_56,1
550_6,2
550_62,2
550_63,2
550_64,1
550_71,2
550_72,2
550_73,1
550_74,1
550_75,2
550_79,2
550_8,2
550_80,1
550_81,2
550_82,2
550_83,1
550_86,2
550_88,2
550_94,2
550_96,2
550_97,1
550_98,1
550_99,1
561_10,1
561_100,1
561_101,2
561_102,1
561_103,2
561_104,1
561_105,2
561_106,1
561_107,2
561_108,2
561_109,2
561_11,1
561_111,2
561_112,1
561_113,1
561_114,1
561_115,1
561_116,1
561_117,1
561_118,1
561_12,1
561_120,1
561_121,1
561_123,1
561_124,1
561_125,2
561_127,1
561_128,1
561_129,1
561_13,2
561_130,1
561_132,1
561_133,1
561_134,1
561_135,1
561_136,1
561_137,1
561_138,1
561_14,2
561_140,1
561_141,1
561_142,1
561_144,1
561_145,2
561_146,2
561_147,2
561_148,1
561_149,1
561_150,1
561_151,1
561_152,1
561_153,2
561_154,1
561_155,2
561_156,1
561_157,1
561_158,1
561_159,2
561_16,1
561_160,1
561_162,1
561_163,1
561_164,1
561_165,1
561_166,1
561_168,1
561_169,2
561_170,1
561_171,2
561_174,1
561_175,1
561_177,2
561_178,1
561_180,1
561_181,1
561_182,2
561_184,1
561_185,2
561_186,2
561_187,1
561_188,1
561_189,1
561_19,1
561_190,2
561_191,2
561_193,2
561_194,1
561_2,1
561_20,2
561_202,1
561_203,1
561_206,1
561_207,2
561_209,2
561_21,2
561_214,1
561_22,2
561_227,1
561_23,1
561_234,1
561_24,2
561_244,1
561_249,1
561_25,2
561_250,1
561_251,1
561_252,1
561_253,1
561_254,1
561_255,1
561_256,2
561_259,2
561_26,2
561_260,2
561_261,2
561_263,1
561_264,2
561_267,2
561_268,2
561_27,1
561_270,2
561_272,1
561_275,2
561_276,1
561_277,2
561_278,2
561_279,1
561_28,1
561_280,1
561_281,1
561_284,1
561_285,1
561_286,1
561_287,1
561_288,2
561_289,1
561_29,1
561_290,2
561_292,1
561_293,1
561_294,1
561_295,2
561_297,1
561_298,1
561_299,2
561_3,1
561_30,2
561_301,1
561_302,2
561_303,1
561_304,1
561_305,2
561_307,1
561_308,1
561_309,1
561_31,2
561_310,1
561_311,1
561_312,1
561_313,1
561_32,1
561_33,1
561_34,2
561_38,1
561_39,1
561_4,1
561_40,2
561_42,2
561_43,2
561_44,1
561_45,1
561_46,1
561_47,2
561_5,2
561_50,2
561_53,2
561_54,2
561_55,1
561_56,2
561_57,1
561_58,2
561_6,2
561_60,2
561_61,2
561_62,1
561_63,1
561_64,1
561_65,1
561_66,1
561_67,2
561_68,2
561_69,1
561_7,2
561_70,1
561_71,1
561_72,1
561_73,1
561_74,1
561_75,1
561_76,2
561_77,1
561_78,2
561_79,2
561_8,1
561_80,1
561_81,1
561_82,1
561_83,2
561_84,1
561_85,1
561_86,1
561_87,1
561_88,1
561_89,2
561_9,2
561_90,2
561_91,2
561_92,2
561_93,2
561_94,2
561_95,2
561_96,2
561_97,1
561_98,1
561_99,2
563_1,2
563_2,1
563_3,1
563_4,1
563_5,1
563_6,1
563_8,1
563_9,2
573_102,2
573_103,1
573_11,1
573_119,1
573_121,2
573_122,2
573_123,1
573_18,2
573_2,2
573_21,1
573_22,1
573_25,1
573_29,2
573_30,1
573_36,1
573_37,2
573_40,1
573_41,1
573_42,2
573_54,1
573_6,2
573_66,2
573_67,2
573_68,1
573_69,1
573_7,2
573_70,1
573_71,1
573_72,1
573_73,1
573_74,1
573_75,1
573_78,1
573_8,2
573_81,2
573_82,1
573_83,2
573_84,1
573_85,1
573_86,1
573_87,1
573_88,1
573_89,1
573_90,1
573_92,1
573_93,2
573_94,2
573_95,2
573_96,2
573_97,1
573_98,1
575_10,1
575_13,1
575_18,1
575_19,1
575_25,1
575_26,2
575_32,2
575_42,2
575_44,1
575_45,2
575_47,1
575_48,2
575_49,2
575_50,1
575_51,1
575_52,2
575_53,1
575_54,1
575_55,2
575_56,2
575_58,1
575_59,1
575_60,2
575_61,2
575_63,2
575_67,2
575_68,2
575_70,1
575_72,2
575_77,1
575_78,2
575_79,2
575_80,1
575_81,1
575_85,1
575_86,2
575_91,1
580_1,1
580_100,2
580_101,2
580_103,2
580_105,2
580_108,2
580_109,2
580_110,2
580_112,2
580_118,1
580_120,2
580_121,1
580_123,2
580_124,2
580_125,2
580_126,2
580_127,2
580_128,2
580_137,2
580_14,1
580_142,2
580_143,1
580_16,1
580_19,2
580_2,1
580_20,1
580_21,2
580_22,2
580_23,2
580_3,1
580_34,2
580_35,2
580_37,1
580_38,1
580_39,1
580_4,1
580_40,2
580_46,2
580_5,1
580_54,1
580_55,2
580_56,1
580_58,1
580_60,2
580_61,2
580_69,2
580_70,2
580_71,1
580_75,2
580_77,1
580_78,1
580_80,2
580_83,2
580_84,2
580_85,2
580_87,2
580_89,1
580_93,1
580_95,2
580_98,2
607_1,2
607_10,2
607_100,1
607_102,2
607_103,1
607_104,2
607_105,2
607_106,1
607_107,1
607_108,1
607_109,2
607_115,2
607_119,2
607_12,2
607_120,1
607_122,2
607_123,2
607_124,2
607_125,2
607_126,1
607_127,1
607_128,2
607_129,1
607_13,2
607_130,1
607_131,1
607_132,1
607_14,1
607_15,1
607_16,1
607_17,1
607_18,1
607_19,1
607_20,1
607_21,1
607_22,1
607_23,1
607_26,1
607_27,1
607_28,2
607_29,2
607_3,1
607_31,2
607_33,2
607_34,2
607_35,2
607_36,2
607_37,2
607_39,2
607_4,1
607_40,1
607_41,1
607_43,1
607_44,1
607_45,1
607_46,2
607_47,1
607_49,1
607_50,1
607_51,1
607_52,1
607_53,1
607_54,1
607_56,2
607_57,2
607_58,1
607_59,2
607_6,2
607_60,2
607_61,1
607_62,2
607_64,2
607_65,1
607_66,1
607_67,1
607_68,2
607_69,1
607_7,1
607_70,1
607_73,1
607_74,2
607_76,1
607_77,1
607_78,2
607_79,1
607_8,1
607_80,2
607_81,1
607_82,2
607_84,2
607_87,1
607_88,2
607_89,2
607_9,2
607_90,1
607_91,2
607_92,2
607_93,1
607_94,2
607_95,1
607_96,2
607_97,2
607_98,1
615_10,1
615_100,1
615_101,2
615_102,1
615_103,1
615_104,1
615_105,1
615_106,1
615_107,2
615_108,1
615_109,2
615_111,1
615_113,2
615_114,2
615_115,1
615_116,2
615_117,1
615_118,2
615_120,1
615_121,2
615_122,2
615_124,1
615_126,1
615_127,2
615_128,1
615_129,2
615_132,1
615_133,1
615_134,2
615_135,1
615_136,2
615_137,2
615_139,2
615_141,2
615_142,2
615_146,1
615_147,2
615_151,1
615_153,1
615_155,2
615_157,2
615_158,2
615_16,1
615_160,1
615_161,2
615_162,2
615_163,2
615_164,2
615_165,2
615_166,2
615_167,1
615_168,1
615_169,1
615_17,1
615_170,1
615_171,1
615_172,1
615_173,1
615_175,1
615_176,2
615_177,0
615_178,2
615_179,1
615_18,1
615_181,1
615_182,1
615_184,1
615_185,1
615_186,2
615_187,0
615_188,1
615_189,1
615_19,1
615_190,1
615_192,1
615_193,1
615_194,1
615_195,1
615_196,1
615_197,1
615_198,1
615_2,1
615_20,1
615_200,2
615_201,1
615_203,2
615_204,1
615_206,1
615_22,1
615_23,1
615_24,1
615_25,1
615_26,1
615_27,1
615_28,1
615_29,1
615_3,2
615_30,1
615_31,1
615_32,0
615_33,1
615_34,1
615_35,1
615_36,1
615_37,1
615_38,2
615_39,2
615_4,1
615_40,2
615_41,1
615_42,1
615_43,1
615_44,1
615_45,2
615_46,1
615_47,1
615_48,1
615_49,2
615_5,1
615_50,2
615_51,1
615_52,1
615_53,2
615_54,0
615_55,2
615_56,2
615_57,1
615_58,1
615_59,1
615_6,1
615_60,1
615_64,1
615_66,1
615_67,2
615_76,1
615_8,2
615_82,1
615_87,1
615_88,2
615_9,1
615_90,1
615_91,2
615_92,1
615_94,2
615_99,2
621_1,1
621_103,1
621_104,1
621_106,1
621_107,1
621_108,2
621_109,1
621_11,1
621_110,2
621_111,1
621_112,2
621_113,2
621_114,2
621_115,2
621_116,2
621_117,1
621_119,1
621_120,1
621_121,1
621_122,1
621_123,1
621_124,1
621_125,1
621_126,1
621_127,1
621_128,2
621_13,1
621_130,1
621_131,1
621_132,1
621_133,1
621_134,1
621_135,1
621_137,1
621_138,1
621_139,1
621_14,1
621_140,1
621_141,1
621_143,1
621_144,1
621_145,2
621_146,1
621_147,1
621_148,1
621_149,1
621_15,2
621_150,1
621_151,1
621_152,1
621_153,2
621_154,1
621_155,1
621_156,1
621_157,1
621_158,2
621_159,1
621_16,1
621_160,1
621_161,1
621_162,1
621_163,1
621_164,1
621_165,2
621_167,2
621_168,2
621_17,2
621_173,1
621_174,1
621_176,2
621_179,1
621_18,2
621_181,1
621_187,1
621_189,1
621_19,1
621_190,2
621_191,1
621_193,1
621_194,2
621_195,2
621_199,1
621_20,1
621_200,1
621_204,1
621_206,1
621_208,1
621_209,1
621_21,2
621_210,1
621_212,1
621_22,1
621_23,1
621_24,2
621_25,2
621_27,2
621_28,2
621_29,2
621_30,1
621_32,1
621_35,2
621_36,2
621_37,1
621_38,1
621_40,2
621_41,1
621_42,2
621_45,2
621_47,1
621_48,2
621_49,2
621_5,1
621_50,1
621_51,2
621_52,1
621_54,1
621_55,1
621_56,1
621_57,1
621_58,2
621_59,2
621_6,1
621_61,2
621_7,1
621_70,2
621_71,2
621_72,2
621_73,2
621_74,2
621_76,2
621_77,1
621_78,2
621_79,2
621_8,1
621_80,2
621_81,2
621_83,2
621_84,2
621_85,2
621_87,1
621_88,2
621_89,2
621_9,1
621_90,2
621_91,2
621_92,2
621_93,2
621_94,2
621_95,1
621_96,1
630_1,1
630_10,2
630_101,1
630_105,1
630_109,2
630_111,2
630_112,2
630_113,2
630_116,2
630_118,1
630_119,2
630_12,1
630_120,2
630_121,2
630_122,2
630_123,1
630_124,1
630_125,1
630_129,1
630_13,2
630_130,2
630_131,1
630_132,1
630_133,1
630_134,2
630_135,1
630_136,1
630_137,1
630_138,1
630_140,1
630_141,2
630_142,2
630_143,1
630_144,1
630_147,2
630_148,2
630_149,2
630_151,2
630_153,1
630_154,2
630_155,1
630_160,1
630_161,1
630_162,1
630_163,1
630_164,1
630_165,2
630_166,2
630_167,1
630_168,1
630_17,2
630_171,2
630_173,2
630_174,1
630_18,1
630_181,2
630_182,2
630_183,0
630_184,1
630_185,1
630_186,1
630_187,1
630_188,2
630_189,2
630_19,1
630_196,1
630_197,1
630_198,1
630_199,1
630_2,1
630_20,1
630_200,2
630_201,2
630_204,2
630_206,1
630_207,1
630_208,1
630_209,2
630_21,1
630_210,1
630_213,2
630_214,1
630_216,1
630_218,1
630_22,2
630_220,1
630_221,1
630_222,2
630_223,1
630_224,2
630_229,1
630_23,1
630_230,1
630_233,1
630_235,1
630_236,1
630_237,1
630_238,2
630_25,2
630_26,1
630_27,2
630_29,1
630_3,2
630_30,1
630_31,1
630_32,1
630_33,2
630_34,2
630_35,2
630_38,2
630_43,2
630_44,2
630_51,1
630_52,1
630_57,1
630_60,1
630_61,2
630_64,1
630_70,2
630_72,2
630_73,1
630_74,1
630_75,1
630_77,2
630_81,1
630_84,1
630_85,2
630_87,1
630_9,1
630_90,2
630_93,1
630_94,1
630_95,2
657_100,2
657_101,1
657_102,2
657_105,2
657_109,1
657_11,2
657_110,1
657_111,2
657_112,2
657_113,2
657_114,2
657_116,1
657_117,2
657_12,1
657_122,2
657_124,2
657_125,1
657_130,1
657_131,1
657_132,1
657_133,1
657_134,1
657_137,1
657_138,1
657_139,1
657_140,1
657_142,2
657_143,2
657_145,1
657_146,1
657_147,1
657_148,1
657_149,2
657_15,2
657_150,1
657_151,1
657_152,1
657_153,1
657_154,2
657_155,1
657_156,1
657_158,2
657_159,2
657_16,2
657_160,1
657_161,2
657_162,2
657_163,1
657_164,2
657_166,1
657_167,1
657_168,2
657_17,2
657_171,2
657_173,1
657_174,1
657_175,1
657_176,1
657_177,1
657_178,2
657_179,1
657_18,1
657_180,1
657_181,1
657_182,1
657_183,1
657_184,1
657_185,1
657_190,2
657_191,2
657_192,2
657_193,2
657_197,1
657_198,1
657_199,1
657_20,1
657_201,1
657_21,2
657_23,2
657_24,1
657_26,1
657_27,2
657_28,2
657_3,2
657_31,2
657_32,2
657_33,1
657_34,1
657_37,1
657_38,1
657_39,1
657_4,2
657_5,1
657_53,2
657_54,2
657_55,2
657_6,1
657_64,2
657_65,1
657_66,1
657_67,2
657_68,2
657_69,1
657_7,1
657_70,2
657_71,1
657_73,2
657_74,1
657_75,1
657_78,1
657_8,1
657_85,1
657_86,1
657_89,2
657_9,2
657_90,1
657_93,2
657_97,1
657_98,1
657_99,2
661_10,1
661_103,1
661_105,2
661_106,2
661_108,1
661_117,1
661_12,1
661_121,1
661_122,2
661_123,2
661_125,2
661_13,1
661_14,1
661_15,1
661_16,2
661_17,1
661_18,2
661_2,1
661_20,1
661_21,1
661_22,1
661_23,1
661_24,2
661_25,1
661_26,1
661_27,1
661_28,1
661_3,1
661_30,1
661_32,2
661_33,1
661_35,1
661_36,1
661_37,1
661_38,2
661_39,2
661_4,1
661_40,1
661_43,1
661_44,1
661_45,1
661_46,1
661_48,1
661_5,1
661_50,1
661_51,1
661_52,2
661_53,1
661_54,2
661_57,2
661_58,1
661_6,1
661_60,1
661_65,2
661_66,1
661_68,2
661_7,1
661_71,1
661_73,1
661_74,1
661_8,1
661_81,1
661_82,2
661_83,2
661_84,2
661_85,1
661_9,1
661_90,1
661_91,2
661_92,2
661_93,2
661_96,1
665_10,1
665_12,2
665_13,2
665_17,2
665_18,2
665_19,1
665_20,2
665_23,1
665_24,2
665_25,2
665_28,2
665_29,2
665_30,2
665_31,2
665_32,2
665_38,2
665_47,1
665_48,2
665_6,2
671_10,1
671_11,2
671_12,1
671_13,1
671_14,1
671_16,1
671_17,1
671_18,2
671_19,1
671_20,1
671_21,2
671_22,1
671_25,2
671_26,2
671_28,2
671_29,2
671_3,2
671_33,1
671_34,1
671_35,1
671_36,1
671_39,2
671_4,1
671_44,2
671_45,1
671_46,1
671_49,1
671_6,2
671_7,1
671_8,2
671_9,2
706_1,2
706_10,1
706_11,1
706_12,2
706_13,1
706_14,2
706_2,1
706_32,1
706_34,2
706_36,1
706_41,2
706_42,2
706_43,1
706_44,2
706_46,1
706_47,1
706_48,1
706_49,2
706_52,1
706_54,1
706_55,1
706_56,2
706_57,1
706_58,1
706_63,2
706_69,1
706_72,1
706_73,1
706_78,2
706_79,1
706_8,1
706_80,1
706_87,1
707_13,1
707_16,1
707_17,2
707_18,1
707_19,2
707_20,2
707_21,2
707_22,1
707_27,1
707_28,2
707_29,2
707_30,2
707_32,1
707_34,2
707_35,2
707_38,1
707_39,2
707_40,2
707_42,2
707_43,1
707_53,1
707_54,2
707_59,1
707_60,2
707_61,1
707_62,2
707_63,2
707_66,2
707_67,2
707_68,2
707_69,1
707_7,1
707_70,1
707_71,1
707_72,1
707_73,1
707_74,1
707_75,2
707_79,2
707_8,1
707_82,2
707_86,2
707_88,2
707_91,2
707_93,1
710_100,1
710_102,2
710_12,2
710_13,1
710_14,1
710_15,1
710_16,1
710_18,2
710_19,2
710_20,2
710_22,1
710_24,2
710_29,1
710_30,1
710_31,1
710_32,1
710_33,1
710_34,2
710_36,1
710_40,1
710_41,1
710_52,2
710_53,1
710_54,1
710_6,1
710_61,2
710_62,1
710_63,1
710_65,1
710_66,1
710_67,1
710_68,1
710_7,2
710_70,2
710_73,2
710_74,2
710_8,1
710_80,1
710_81,1
710_82,2
710_83,2
710_84,1
710_93,1
710_94,1
710_95,1
710_99,1
727_11,1
727_15,2
727_17,1
727_21,2
727_23,2
727_24,1
727_25,1
727_27,1
727_28,1
727_29,1
727_3,1
727_31,1
727_33,2
727_35,1
727_44,1
727_45,2
727_46,1
727_48,1
727_49,1
727_5,1
727_7,2
727_8,2
727_9,2
730_1,2
730_10,2
730_100,2
730_101,1
730_102,1
730_103,2
730_104,1
730_105,2
730_106,2
730_107,1
730_109,1
730_11,2
730_111,2
730_112,1
730_113,1
730_114,1
730_116,0
730_117,2
730_118,1
730_119,1
730_12,1
730_120,2
730_121,2
730_123,1
730_124,1
730_125,1
730_126,1
730_127,1
730_128,1
730_129,1
730_13,2
730_130,1
730_139,2
730_14,2
730_141,2
730_142,2
730_144,2
730_145,1
730_146,2
730_147,1
730_149,2
730_15,2
730_150,1
730_151,2
730_152,2
730_153,1
730_154,2
730_155,1
730_156,2
730_157,1
730_158,1
730_159,2
730_16,2
730_160,1
730_162,2
730_163,2
730_166,2
730_17,1
730_171,1
730_172,2
730_173,2
730_177,1
730_178,2
730_179,2
730_18,1
730_180,1
730_181,2
730_182,1
730_184,1
730_186,2
730_187,1
730_19,2
730_194,2
730_195,2
730_196,2
730_197,1
730_198,1
730_199,1
730_2,1
730_200,1
730_201,2
730_202,2
730_203,1
730_204,1
730_205,1
730_206,1
730_207,0
730_208,1
730_209,1
730_21,1
730_210,1
730_211,1
730_212,1
730_213,1
730_214,1
730_215,2
730_216,1
730_217,1
730_218,2
730_219,2
730_22,1
730_220,1
730_222,1
730_223,1
730_224,1
730_225,1
730_226,2
730_228,1
730_229,2
730_230,2
730_233,2
730_234,1
730_235,2
730_236,1
730_237,1
730_238,1
730_239,1
730_24,2
730_240,1
730_241,1
730_242,2
730_244,2
730_245,1
730_246,2
730_247,1
730_249,2
730_250,1
730_27,1
730_28,2
730_29,1
730_3,1
730_30,2
730_31,1
730_32,1
730_33,1
730_36,1
730_38,1
730_39,1
730_4,1
730_40,1
730_41,2
730_42,1
730_44,1
730_45,1
730_46,2
730_47,2
730_48,2
730_49,1
730_5,1
730_50,1
730_51,1
730_52,2
730_53,1
730_55,2
730_58,2
730_6,2
730_60,2
730_62,1
730_7,1
730_76,2
730_78,2
730_79,2
730_8,2
730_81,1
730_88,2
730_89,2
730_9,2
730_90,1
730_91,1
730_92,1
730_93,2
730_94,2
730_95,2
730_96,2
730_97,1
730_98,1
730_99,1
740_1,1
740_100,2
740_102,1
740_103,1
740_104,1
740_105,2
740_107,1
740_108,2
740_109,2
740_110,1
740_111,1
740_112,1
740_114,2
740_115,1
740_118,2
740_119,1
740_120,1
740_121,2
740_122,2
740_123,2
740_124,2
740_125,2
740_126,1
740_127,1
740_129,1
740_130,1
740_131,2
740_132,2
740_133,2
740_134,2
740_137,2
740_138,1
740_139,2
740_144,1
740_145,1
740_146,1
740_147,1
740_148,1
740_149,1
740_150,1
740_151,1
740_152,1
740_153,1
740_154,1
740_155,1
740_157,1
740_158,2
740_159,1
740_160,1
740_161,1
740_162,2
740_163,1
740_164,2
740_165,1
740_166,2
740_167,1
740_168,1
740_169,2
740_170,2
740_171,2
740_176,1
740_178,1
740_179,1
740_181,1
740_182,1
740_184,1
740_186,1
740_187,1
740_188,1
740_189,2
740_191,2
740_196,1
740_2,2
740_20,1
740_21,1
740_22,1
740_35,2
740_37,2
740_38,2
740_39,1
740_4,1
740_42,2
740_44,1
740_46,1
740_47,1
740_49,1
740_51,2
740_6,2
740_60,1
740_61,2
740_62,1
740_7,2
740_81,2
740_83,1
740_84,1
740_85,1
740_86,2
740_87,2
740_88,1
740_90,1
740_91,1
740_92,1
740_95,2
740_96,2
740_97,2
740_98,2
740_99,2
746_10,2
746_105,2
746_106,2
746_108,1
746_11,1
746_111,2
746_112,2
746_113,2
746_114,2
746_115,2
746_116,1
746_118,1
746_120,1
746_126,2
746_13,1
746_17,1
746_18,1
746_19,2
746_2,2
746_20,1
746_26,1
746_30,1
746_31,2
746_32,1
746_33,1
746_34,2
746_38,2
746_39,1
746_4,1
746_40,1
746_42,2
746_43,1
746_44,2
746_45,2
746_49,1
746_51,2
746_53,2
746_54,2
746_56,1
746_57,1
746_58,1
746_59,1
746_60,1
746_61,1
746_62,1
746_69,1
746_70,1
746_71,2
746_72,1
746_73,1
746_75,1
746_76,1
746_78,2
746_79,1
746_8,1
746_80,1
746_81,2
746_86,1
746_87,2
746_88,1
746_9,1
746_93,2
746_94,2
751_1,2
751_10,1
751_101,2
751_102,2
751_103,1
751_105,1
751_106,1
751_107,1
751_109,1
751_11,2
751_111,1
751_112,1
751_113,1
751_114,1
751_115,1
751_116,1
751_117,1
751_118,2
751_12,2
751_120,1
751_121,1
751_123,1
751_128,1
751_13,1
751_130,2
751_131,1
751_132,1
751_133,1
751_135,2
751_136,2
751_137,2
751_138,1
751_139,1
751_14,2
751_140,1
751_142,2
751_143,2
751_144,1
751_145,1
751_146,1
751_148,2
751_149,2
751_15,2
751_150,2
751_151,2
751_152,2
751_153,1
751_155,2
751_156,2
751_157,2
751_159,1
751_16,2
751_160,2
751_161,2
751_162,2
751_165,2
751_166,1
751_167,2
751_168,2
751_169,2
751_17,2
751_170,1
751_171,1
751_172,1
751_173,1
751_174,2
751_175,1
751_176,1
751_177,1
751_179,2
751_18,2
751_181,2
751_182,1
751_185,1
751_187,1
751_188,1
751_19,2
751_190,1
751_191,2
751_192,2
751_193,2
751_194,1
751_195,1
751_196,2
751_197,2
751_198,1
751_199,2
751_2,2
751_20,2
751_200,2
751_201,1
751_202,2
751_203,1
751_204,1
751_205,1
751_206,1
751_207,2
751_208,1
751_209,1
751_21,2
751_211,1
751_212,1
751_213,1
751_214,1
751_215,1
751_216,1
751_217,1
751_218,1
751_219,1
751_22,2
751_220,1
751_221,1
751_222,2
751_223,1
751_224,1
751_225,2
751_226,1
751_227,1
751_228,1
751_229,1
751_23,1
751_230,2
751_231,2
751_232,2
751_233,2
751_235,2
751_236,2
751_237,2
751_238,2
751_239,1
751_24,2
751_240,1
751_241,1
751_242,1
751_246,2
751_247,1
751_248,1
751_25,2
751_251,1
751_252,1
751_253,1
751_255,0
751_256,1
751_257,1
751_258,0
751_259,1
751_26,2
751_260,1
751_261,1
751_262,2
751_263,2
751_264,0
751_265,1
751_266,1
751_267,0
751_268,1
751_269,1
751_27,2
751_270,1
751_271,1
751_272,1
751_273,1
751_276,1
751_278,2
751_279,2
751_28,2
751_281,2
751_282,1
751_283,1
751_284,2
751_286,2
751_287,1
751_288,1
751_289,1
751_29,2
751_290,1
751_291,1
751_292,1
751_293,1
751_294,1
751_295,1
751_296,1
751_297,1
751_298,1
751_299,0
751_3,2
751_30,2
751_300,1
751_301,1
751_302,1
751_303,1
751_304,1
751_305,1
751_306,1
751_307,1
751_308,1
751_309,1
751_31,2
751_310,1
751_311,1
751_312,2
751_313,1
751_314,1
751_315,1
751_316,2
751_317,2
751_318,1
751_319,2
751_32,2
751_320,1
751_321,2
751_322,2
751_323,2
751_324,2
751_325,1
751_326,2
751_327,1
751_328,1
751_329,1
751_33,2
751_330,0
751_331,1
751_332,1
751_333,2
751_335,1
751_337,0
751_338,1
751_339,0
751_34,2
751_340,1
751_341,1
751_342,1
751_343,1
751_344,1
751_345,1
751_346,1
751_347,1
751_348,1
751_349,1
751_35,2
751_350,1
751_351,1
751_352,0
751_353,1
751_354,1
751_355,1
751_356,1
751_357,1
751_358,1
751_359,1
751_36,2
751_360,1
751_361,1
751_362,1
751_363,1
751_364,2
751_366,2
751_367,2
751_368,1
751_369,1
751_37,1
751_370,0
751_371,1
751_372,1
751_373,1
751_374,1
751_375,1
751_376,1
751_377,1
751_378,0
751_379,2
751_38,2
751_380,1
751_381,0
751_382,1
751_383,1
751_384,1
751_385,1
751_386,1
751_387,1
751_388,1
751_389,1
751_390,1
751_391,0
751_392,1
751_393,1
751_394,1
751_396,1
751_398,1
751_4,1
751_40,1
751_400,2
751_401,1
751_402,1
751_403,1
751_404,2
751_405,1
751_408,2
751_41,2
751_410,1
751_411,1
751_412,2
751_413,1
751_414,1
751_415,1
751_416,1
751_417,1
751_418,1
751_419,1
751_42,0
751_420,1
751_421,1
751_422,1
751_423,1
751_424,1
751_425,1
751_426,1
751_427,1
751_428,1
751_43,1
751_430,1
751_431,1
751_432,1
751_433,2
751_434,1
751_435,2
751_436,1
751_437,1
751_438,1
751_439,1
751_44,0
751_440,1
751_441,2
751_442,1
751_443,2
751_444,1
751_445,1
751_446,2
751_447,1
751_448,2
751_449,1
751_45,0
751_450,2
751_451,1
751_452,1
751_453,1
751_454,1
751_455,2
751_456,2
751_457,2
751_458,2
751_459,1
751_46,1
751_460,1
751_461,2
751_462,1
751_463,2
751_464,1
751_465,1
751_466,1
751_467,1
751_468,1
751_469,2
751_47,2
751_474,1
751_475,1
751_476,1
751_477,1
751_478,2
751_48,1
751_480,2
751_482,1
751_483,2
751_484,1
751_485,1
751_486,1
751_487,1
751_488,2
751_489,2
751_49,1
751_490,2
751_491,1
751_492,2
751_493,2
751_494,1
751_495,2
751_496,1
751_497,2
751_498,1
751_499,1
751_5,2
751_50,1
751_500,1
751_502,2
751_503,2
751_504,2
751_505,2
751_506,1
751_507,2
751_508,1
751_51,1
751_510,1
751_514,2
751_515,2
751_516,2
751_517,2
751_518,1
751_519,2
751_52,1
751_520,2
751_521,1
751_522,2
751_523,1
751_525,1
751_526,1
751_527,1
751_528,2
751_529,2
751_53,1
751_530,2
751_531,2
751_532,2
751_533,1
751_534,1
751_535,1
751_536,2
751_537,1
751_538,1
751_539,1
751_54,1
751_540,2
751_541,1
751_542,1
751_543,1
751_544,2
751_545,1
751_546,1
751_547,1
751_548,1
751_549,1
751_550,1
751_551,1
751_552,1
751_553,1
751_555,2
751_556,1
751_557,1
751_559,2
751_56,1
751_560,1
751_561,2
751_562,1
751_564,2
751_565,2
751_566,2
751_568,2
751_569,2
751_57,1
751_570,2
751_573,1
751_574,0
751_575,1
751_576,2
751_577,1
751_578,1
751_579,2
751_58,2
751_580,1
751_581,1
751_582,1
751_583,1
751_584,1
751_585,2
751_586,1
751_587,2
751_589,2
751_59,2
751_591,1
751_592,1
751_593,1
751_594,2
751_595,1
751_596,2
751_597,2
751_598,1
751_599,2
751_6,2
751_60,1
751_600,1
751_601,2
751_602,2
751_603,2
751_607,2
751_608,1
751_609,1
751_61,1
751_610,1
751_611,1
751_613,1
751_614,2
751_617,1
751_618,2
751_619,2
751_62,2
751_621,1
751_623,1
751_624,0
751_625,1
751_626,1
751_627,1
751_628,1
751_629,1
751_63,1
751_630,1
751_631,1
751_632,2
751_634,2
751_635,1
751_636,2
751_638,1
751_639,2
751_64,1
751_640,1
751_641,2
751_643,2
751_645,2
751_646,1
751_647,1
751_648,2
751_649,0
751_65,1
751_650,1
751_651,1
751_652,1
751_653,1
751_654,1
751_655,1
751_656,1
751_657,1
751_658,2
751_659,1
751_66,1
751_660,1
751_661,1
751_662,1
751_663,1
751_664,1
751_665,2
751_666,2
751_667,1
751_668,2
751_669,1
751_67,1
751_670,1
751_671,1
751_672,1
751_673,1
751_674,1
751_675,1
751_676,1
751_678,2
751_68,1
751_680,1
751_681,2
751_682,1
751_683,1
751_684,0
751_685,1
751_686,1
751_687,1
751_688,1
751_689,1
751_69,1
751_691,2
751_693,2
751_694,2
751_695,1
751_696,2
751_697,1
751_698,1
751_699,2
751_7,2
751_70,2
751_700,1
751_702,1
751_703,1
751_704,1
751_706,1
751_71,2
751_713,2
751_714,1
751_72,1
751_73,1
751_74,1
751_75,1
751_76,1
751_78,1
751_79,1
751_8,1
751_81,1
751_82,1
751_83,1
751_84,1
751_85,2
751_86,2
751_88,2
751_89,1
751_9,2
751_90,2
751_91,1
751_92,2
751_93,2
751_94,1
751_95,1
751_96,1
751_97,1
751_98,2
751_99,2
756_1,1
756_10,2
756_11,1
756_12,1
756_13,1
756_14,1
756_15,1
756_17,1
756_19,1
756_2,2
756_20,2
756_21,1
756_22,2
756_23,2
756_24,1
756_25,1
756_26,1
756_27,2
756_28,2
756_29,1
756_3,2
756_30,1
756_31,1
756_33,1
756_38,1
756_39,2
756_4,2
756_41,2
756_42,2
756_48,2
756_50,1
756_51,1
756_55,2
756_57,2
756_59,2
756_60,2
756_62,2
756_63,2
756_64,1
756_65,1
756_66,1
756_67,1
756_70,2
756_71,2
756_75,2
756_76,2
756_81,2
756_86,2
756_88,1
756_89,1
756_92,1
756_93,2
760_10,2
760_102,1
760_104,1
760_105,2
760_106,1
760_107,1
760_109,1
760_110,1
760_111,1
760_115,2
760_116,2
760_117,1
760_127,2
760_133,1
760_134,1
760_136,2
760_16,2
760_17,2
760_18,2
760_22,2
760_23,1
760_25,1
760_26,2
760_27,1
760_28,2
760_35,1
760_36,2
760_37,1
760_40,2
760_41,2
760_42,2
760_43,1
760_44,1
760_46,1
760_47,1
760_48,2
760_49,2
760_51,2
760_52,1
760_53,2
760_56,2
760_57,1
760_58,2
760_6,2
760_60,1
760_63,2
760_64,2
760_65,1
760_66,1
760_67,2
760_68,2
760_69,2
760_7,2
760_70,2
760_71,1
760_72,1
760_73,1
760_77,2
760_83,1
760_92,1
760_95,1
766_14,2
766_19,2
766_2,2
766_25,1
766_26,1
766_28,2
766_3,1
766_37,1
766_38,1
766_4,2
766_43,2
766_44,2
766_46,1
766_47,2
766_48,1
766_49,1
766_50,1
766_51,2
766_6,2
766_67,2
766_69,1
766_71,1
766_73,1
766_74,1
766_76,2
766_78,1
766_8,2
766_81,1
766_82,2
766_9,2
766_93,1
766_96,2
773_11,1
773_12,2
773_13,2
773_15,2
773_16,2
773_18,1
773_19,1
773_20,1
773_21,1
773_22,1
773_23,1
773_24,1
773_3,2
773_33,2
773_36,1
773_37,2
773_38,2
773_4,2
773_5,2
773_52,2
773_7,2
773_8,2
773_9,2
779_1,2
779_100,2
779_103,2
779_105,1
779_106,2
779_109,1
779_111,1
779_12,1
779_22,2
779_42,2
779_43,2
779_52,2
779_54,1
779_56,2
779_57,2
779_58,1
779_59,1
779_60,1
779_61,1
779_62,1
779_63,2
779_64,2
779_66,2
779_67,1
779_68,2
779_69,1
779_70,1
779_71,1
779_72,2
779_73,1
779_74,2
779_76,1
779_77,1
779_78,2
779_79,1
779_8,2
779_80,1
779_81,1
779_82,1
779_83,1
779_84,1
779_85,1
779_86,1
779_88,1
779_89,2
779_90,2
779_91,1
779_92,1
779_94,1
779_95,1
779_96,2
779_97,2
779_98,1
787_106,2
787_107,1
787_11,2
787_111,1
787_12,2
787_17,1
787_19,1
787_2,1
787_20,1
787_21,2
787_22,1
787_23,2
787_24,2
787_25,1
787_27,1
787_28,1
787_29,1
787_31,2
787_32,2
787_33,2
787_34,2
787_36,1
787_4,1
787_40,2
787_41,2
787_42,1
787_43,2
787_44,2
787_45,2
787_46,2
787_47,1
787_48,1
787_50,1
787_51,2
787_57,2
787_69,2
787_7,2
787_70,1
787_71,1
787_73,2
787_8,1
787_82,2
787_83,2
787_88,2
787_89,1
787_9,1
787_91,1
787_92,2
787_93,2
791_10,1
791_101,1
791_102,2
791_104,2
791_107,1
791_11,2
791_111,1
791_112,2
791_113,1
791_114,2
791_116,2
791_117,1
791_118,2
791_121,1
791_122,1
791_123,1
791_124,1
791_125,1
791_126,1
791_127,1
791_128,1
791_129,1
791_130,1
791_131,1
791_132,2
791_133,2
791_134,2
791_135,2
791_142,1
791_143,1
791_144,2
791_145,1
791_146,2
791_147,1
791_15,2
791_151,1
791_154,2
791_156,1
791_157,1
791_159,2
791_16,1
791_161,1
791_162,2
791_163,2
791_164,1
791_165,2
791_166,1
791_167,1
791_168,2
791_171,1
791_173,2
791_174,1
791_175,2
791_177,2
791_179,1
791_182,2
791_184,1
791_185,2
791_186,1
791_187,2
791_188,1
791_19,2
791_206,2
791_207,1
791_208,1
791_209,1
791_211,2
791_212,1
791_213,1
791_215,1
791_216,2
791_217,1
791_218,1
791_22,1
791_220,1
791_222,1
791_23,1
791_25,2
791_27,1
791_29,2
791_3,1
791_42,2
791_51,1
791_53,1
791_54,2
791_55,1
791_56,2
791_57,1
791_58,1
791_59,1
791_6,2
791_61,1
791_62,1
791_64,2
791_66,2
791_67,1
791_68,1
791_76,2
791_77,1
791_78,1
791_8,1
791_89,1
791_9,1
791_90,1
791_91,1
791_92,0
791_94,1
791_96,1
810_10,2
810_17,1
810_21,2
810_22,2
810_23,1
810_24,1
810_26,1
810_27,2
810_30,1
810_31,2
810_33,1
810_34,1
810_35,1
810_37,1
810_40,2
810_44,1
810_45,1
810_46,2
810_47,2
810_48,2
810_49,2
810_54,2
810_55,1
810_56,1
810_57,1
810_58,2
810_59,1
810_60,1
810_61,2
810_62,1
810_63,2
810_64,2
810_67,2
810_68,1
810_69,1
810_70,2
810_71,2
810_72,2
810_73,2
810_74,2
810_75,1
810_86,1
810_90,1
810_92,1
813_101,2
813_103,1
813_104,2
813_105,2
813_106,1
813_107,2
813_108,2
813_111,2
813_112,1
813_114,2
813_115,1
813_119,2
813_120,1
813_121,1
813_122,1
813_124,1
813_125,1
813_126,2
813_127,2
813_128,1
813_129,2
813_130,2
813_131,1
813_132,1
813_133,1
813_134,2
813_135,1
813_137,2
813_138,1
813_139,1
813_141,2
813_142,1
813_143,1
813_144,2
813_148,1
813_149,2
813_150,1
813_153,1
813_154,1
813_155,2
813_156,2
813_157,2
813_158,1
813_159,2
813_16,2
813_161,2
813_163,2
813_164,2
813_2,2
813_20,1
813_21,2
813_25,2
813_28,2
813_29,2
813_3,2
813_30,2
813_31,2
813_32,1
813_34,1
813_35,2
813_36,1
813_38,1
813_40,2
813_41,1
813_42,2
813_43,1
813_47,1
813_49,1
813_5,2
813_50,2
813_51,1
813_52,2
813_53,1
813_54,1
813_55,1
813_57,1
813_58,1
813_59,1
813_6,1
813_60,2
813_61,2
813_63,1
813_64,2
813_66,2
813_67,1
813_68,1
813_69,2
813_7,1
813_71,1
813_72,2
813_73,1
813_74,1
813_77,1
813_78,1
813_79,1
813_80,1
813_81,2
813_82,2
813_83,2
813_84,2
813_85,2
813_88,2
813_9,2
813_91,1
813_92,2
813_93,2
820_10,2
820_11,2
820_12,1
820_13,1
820_14,1
820_15,1
820_16,1
820_17,1
820_19,2
820_22,2
820_27,1
820_28,2
820_38,1
820_40,2
820_42,1
820_44,1
820_46,2
820_48,2
820_51,2
820_52,1
820_55,2
820_64,1
820_69,1
820_7,2
820_70,2
820_74,1
820_76,1
820_77,1
820_78,2
820_79,1
820_8,2
820_81,2
820_83,1
820_84,2
820_85,2
820_86,1
820_87,1
820_88,2
820_89,2
820_9,2
820_90,1
820_98,2
840_10,1
840_18,1
840_19,2
840_23,1
840_25,2
840_26,2
840_27,1
840_29,1
840_31,1
840_33,1
840_38,1
840_4,2
840_5,1
840_52,1
840_54,1
840_55,1
840_56,1
840_6,1
846_13,2
846_14,2
846_19,2
846_20,1
846_22,2
846_25,1
846_26,2
846_27,2
846_28,1
846_33,2
846_36,1
846_38,2
846_42,2
846_44,1
846_45,2
846_56,1
846_57,1
846_58,1
846_60,1
846_61,2
846_62,1
846_65,1
846_67,2
846_71,1
846_73,2
846_74,1
846_75,1
846_84,2
846_89,1
846_9,2
846_91,1
846_97,2
846_98,2
849_1,2
849_16,2
849_17,2
849_20,1
849_21,2
849_22,1
849_24,1
849_25,2
849_26,1
849_30,2
849_31,1
849_32,2
849_35,2
849_43,2
849_44,1
849_5,1
849_52,2
849_53,1
849_54,1
849_58,2
849_59,1
849_61,2
849_63,1
849_64,1
849_65,2
849_69,1
849_72,1
849_73,1
849_74,1
849_77,1
849_78,1
849_79,1
849_80,1
849_82,2
849_83,2
849_85,2
851_1,1
851_101,1
851_103,1
851_104,1
851_105,1
851_106,1
851_107,1
851_108,0
851_109,1
851_110,1
851_111,1
851_112,1
851_113,1
851_114,1
851_115,1
851_116,1
851_117,0
851_118,1
851_119,1
851_12,2
851_121,1
851_123,2
851_125,1
851_126,1
851_127,1
851_129,1
851_13,1
851_130,2
851_131,1
851_133,1
851_135,2
851_136,2
851_137,1
851_138,1
851_139,0
851_14,1
851_140,1
851_141,1
851_142,1
851_143,1
851_144,2
851_145,2
851_146,2
851_147,1
851_148,2
851_15,2
851_150,1
851_151,0
851_152,1
851_153,2
851_154,1
851_155,1
851_156,1
851_157,1
851_158,1
851_159,1
851_16,2
851_160,1
851_161,1
851_162,1
851_163,1
851_164,1
851_165,0
851_166,0
851_167,1
851_168,1
851_169,2
851_170,1
851_171,1
851_173,2
851_174,2
851_175,2
851_178,2
851_179,2
851_18,1
851_182,1
851_183,1
851_184,1
851_185,1
851_186,1
851_187,1
851_188,0
851_189,1
851_19,2
851_190,2
851_191,1
851_192,2
851_193,2
851_194,1
851_195,2
851_196,1
851_197,2
851_198,2
851_199,1
851_20,2
851_200,1
851_201,1
851_203,1
851_204,1
851_205,2
851_206,1
851_207,1
851_208,1
851_209,2
851_210,1
851_211,1
851_212,1
851_213,1
851_214,1
851_215,2
851_216,1
851_217,2
851_218,2
851_219,2
851_22,1
851_220,2
851_221,2
851_222,2
851_223,1
851_224,2
851_226,1
851_227,2
851_228,1
851_229,1
851_23,1
851_231,1
851_232,1
851_234,1
851_235,1
851_236,1
851_237,1
851_238,2
851_239,2
851_24,2
851_241,1
851_242,1
851_243,1
851_244,1
851_245,1
851_246,1
851_247,2
851_248,2
851_249,2
851_25,2
851_250,1
851_251,1
851_252,1
851_253,2
851_254,1
851_255,1
851_256,2
851_258,2
851_26,2
851_264,1
851_265,2
851_267,2
851_268,1
851_269,2
851_274,1
851_275,1
851_276,1
851_277,1
851_279,1
851_280,2
851_281,2
851_282,1
851_285,2
851_29,2
851_290,1
851_291,2
851_292,1
851_293,1
851_294,1
851_295,1
851_296,1
851_297,2
851_299,1
851_30,1
851_300,1
851_301,1
851_305,1
851_306,1
851_307,1
851_308,1
851_31,1
851_313,2
851_314,2
851_317,1
851_32,1
851_320,1
851_321,1
851_324,1
851_325,2
851_326,1
851_327,1
851_330,1
851_331,2
851_332,2
851_333,1
851_334,1
851_338,1
851_341,1
851_342,2
851_348,1
851_349,2
851_35,1
851_350,1
851_352,1
851_353,1
851_354,2
851_355,2
851_356,1
851_357,2
851_359,2
851_36,2
851_360,2
851_361,2
851_362,2
851_363,1
851_364,1
851_365,2
851_367,1
851_368,1
851_369,1
851_37,2
851_370,1
851_371,1
851_372,1
851_373,2
851_374,1
851_375,1
851_376,1
851_377,1
851_378,2
851_379,1
851_38,2
851_380,1
851_381,1
851_382,2
851_384,1
851_385,2
851_387,1
851_388,0
851_389,2
851_39,2
851_390,0
851_391,1
851_392,1
851_393,2
851_394,2
851_395,2
851_396,1
851_397,1
851_398,2
851_399,1
851_4,1
851_40,2
851_400,1
851_401,1
851_402,2
851_403,2
851_404,1
851_405,1
851_406,1
851_407,1
851_408,1
851_409,1
851_41,2
851_411,1
851_412,1
851_413,1
851_414,1
851_415,1
851_416,1
851_417,1
851_418,1
851_419,1
851_420,2
851_421,1
851_422,1
851_423,1
851_424,1
851_425,1
851_43,2
851_430,1
851_431,1
851_433,1
851_434,1
851_435,2
851_439,1
851_44,2
851_440,1
851_441,2
851_442,2
851_445,1
851_446,2
851_449,1
851_450,1
851_451,1
851_452,1
851_453,1
851_455,1
851_456,1
851_458,1
851_459,1
851_46,1
851_460,1
851_461,2
851_462,1
851_464,1
851_465,1
851_466,1
851_467,1
851_468,1
851_469,2
851_47,1
851_471,2
851_472,1
851_473,1
851_474,2
851_475,2
851_476,1
851_477,1
851_478,1
851_479,2
851_480,1
851_481,1
851_482,1
851_483,1
851_484,1
851_486,1
851_488,1
851_489,1
851_490,1
851_492,1
851_493,1
851_494,1
851_495,1
851_496,1
851_497,1
851_499,1
851_5,2
851_50,2
851_501,1
851_502,1
851_506,1
851_51,1
851_52,1
851_53,2
851_54,1
851_55,1
851_56,2
851_62,1
851_63,1
851_64,1
851_65,1
851_67,1
851_68,1
851_7,2
851_71,2
851_72,1
851_73,2
851_74,2
851_75,2
851_76,2
851_77,2
851_78,1
851_8,2
851_84,1
851_85,1
851_87,1
851_9,2
851_93,1
851_94,2
851_96,1
860_1,1
860_10,2
860_100,2
860_101,2
860_104,2
860_106,2
860_107,1
860_109,2
860_110,2
860_112,1
860_116,1
860_119,1
860_12,1
860_120,1
860_121,2
860_122,2
860_123,2
860_124,1
860_125,2
860_126,2
860_127,1
860_128,1
860_129,1
860_134,2
860_135,1
860_136,2
860_137,1
860_141,1
860_142,1
860_143,2
860_144,2
860_145,2
860_148,1
860_150,2
860_151,2
860_153,2
860_155,1
860_156,2
860_157,1
860_158,1
860_16,2
860_160,1
860_164,2
860_166,1
860_17,1
860_21,2
860_31,2
860_35,1
860_37,2
860_39,2
860_4,1
860_47,1
860_5,1
860_50,1
860_52,1
860_53,1
860_54,2
860_55,2
860_6,1
860_60,1
860_61,1
860_62,1
860_64,2
860_66,1
860_67,1
860_70,2
860_71,1
860_72,1
860_73,1
860_75,1
860_76,1
860_8,2
860_80,1
860_81,1
860_82,2
860_83,1
860_86,2
860_87,2
860_88,2
860_91,2
860_95,1
860_96,1
860_97,1
