location,cluster
101_1,1
101_10,0
101_100,2
101_1000,0
101_1001,4
101_1002,0
101_1003,0
101_1004,3
101_1005,0
101_1006,3
101_1007,2
101_1008,5
101_1009,5
101_101,5
101_1010,0
101_1013,2
101_1014,0
101_1015,4
101_1016,4
101_1017,2
101_1018,3
101_1019,4
101_102,2
101_1020,1
101_1021,5
101_1022,5
101_1023,4
101_1024,5
101_1025,4
101_1026,0
101_1027,2
101_1028,1
101_1029,0
101_103,3
101_1030,0
101_1031,3
101_1032,5
101_1033,3
101_1034,2
101_1035,3
101_1036,2
101_1037,1
101_1038,0
101_1039,5
101_104,3
101_1040,3
101_1042,0
101_1043,4
101_1044,4
101_1045,0
101_1046,5
101_1047,4
101_1048,5
101_1049,2
101_105,3
101_1050,1
101_1051,4
101_1052,2
101_1054,3
101_1055,5
101_1056,4
101_1057,2
101_1058,5
101_1059,1
101_106,2
101_1060,2
101_1061,2
101_1063,2
101_1064,2
101_1065,3
101_1066,5
101_1067,2
101_1068,3
101_1069,3
101_107,2
101_1070,2
101_1071,3
101_1073,4
101_1074,3
101_1075,0
101_1076,4
101_1077,1
101_1078,3
101_1079,2
101_108,5
101_1081,3
101_1082,2
101_1083,3
101_1084,4
101_1085,0
101_1086,4
101_1087,0
101_1088,3
101_1089,5
101_109,1
101_1090,0
101_1091,2
101_1092,5
101_1093,2
101_1094,2
101_1095,1
101_1097,5
101_1099,0
101_11,5
101_110,0
101_1100,4
101_1101,4
101_1102,2
101_1103,3
101_1104,0
101_1105,0
101_1106,3
101_1107,0
101_1108,2
101_1109,2
101_111,2
101_1110,5
101_1111,2
101_1112,4
101_1113,0
101_1114,5
101_1115,3
101_1116,2
101_1117,5
101_1118,3
101_1119,2
101_112,0
101_1120,4
101_1121,4
101_1122,2
101_1123,2
101_1124,2
101_1125,2
101_1126,0
101_1127,3
101_1128,2
101_1129,4
101_113,2
101_1130,4
101_1131,2
101_1132,2
101_1133,3
101_1134,2
101_1135,3
101_1136,2
101_1137,2
101_1138,0
101_1139,3
101_114,5
101_1140,3
101_1141,2
101_1142,5
101_1143,3
101_1144,5
101_1145,3
101_1146,3
101_1147,5
101_1148,2
101_1149,2
101_115,2
101_1150,4
101_1151,5
101_1152,0
101_1153,0
101_1154,0
101_1155,0
101_1156,0
101_1158,3
101_1159,5
101_116,3
101_1160,0
101_1161,3
101_1162,2
101_1163,2
101_1164,0
101_1165,3
101_1166,1
101_1167,0
101_1168,5
101_1169,2
101_117,1
101_1170,5
101_1172,0
101_1173,3
101_1174,1
101_1176,2
101_1177,0
101_1179,4
101_118,2
101_1180,5
101_1181,2
101_1182,0
101_1183,2
101_1184,2
101_1185,2
101_1186,2
101_1187,2
101_1188,4
101_1189,5
101_119,5
101_1190,3
101_1191,1
101_1192,3
101_1193,0
101_1194,3
101_1195,0
101_1196,4
101_1197,2
101_1198,2
101_1199,2
101_12,2
101_120,4
101_1200,2
101_1201,2
101_1202,3
101_1204,2
101_1206,4
101_1207,5
101_121,5
101_122,2
101_123,5
101_124,2
101_125,2
101_126,3
101_127,5
101_128,3
101_129,5
101_13,3
101_130,0
101_131,0
101_132,3
101_133,4
101_134,2
101_135,0
101_136,1
101_137,4
101_138,0
101_139,3
101_14,3
101_140,0
101_141,2
101_142,5
101_143,5
101_144,4
101_145,2
101_146,1
101_147,2
101_148,5
101_149,2
101_15,4
101_150,5
101_151,0
101_152,5
101_153,2
101_154,1
101_155,1
101_156,1
101_157,2
101_158,3
101_159,2
101_16,2
101_160,5
101_161,0
101_162,5
101_163,0
101_164,0
101_165,0
101_166,1
101_167,5
101_168,0
101_169,5
101_17,0
101_170,5
101_171,1
101_172,1
101_173,0
101_174,0
101_175,2
101_176,2
101_177,3
101_178,1
101_179,2
101_18,0
101_180,3
101_181,5
101_182,3
101_183,2
101_184,2
101_185,5
101_186,0
101_187,2
101_188,1
101_189,2
101_19,2
101_191,5
101_192,2
101_193,1
101_194,1
101_195,2
101_196,2
101_197,3
101_198,3
101_199,4
101_2,3
101_20,5
101_200,0
101_201,5
101_202,4
101_203,3
101_204,1
101_205,0
101_206,2
101_207,4
101_208,0
101_209,0
101_21,5
101_210,0
101_211,2
101_212,3
101_213,4
101_214,0
101_215,0
101_216,3
101_217,3
101_218,5
101_219,1
101_22,0
101_220,2
101_221,4
101_222,3
101_223,4
101_224,4
101_225,3
101_226,5
101_227,5
101_228,0
101_229,4
101_23,1
101_230,5
101_231,1
101_232,1
101_233,2
101_234,4
101_235,0
101_236,1
101_237,2
101_238,0
101_239,2
101_24,0
101_240,2
101_241,2
101_242,1
101_243,1
101_244,2
101_245,4
101_246,2
101_247,5
101_248,0
101_249,2
101_25,2
101_250,5
101_251,0
101_252,4
101_253,2
101_254,3
101_255,5
101_256,1
101_257,3
101_258,0
101_259,4
101_26,4
101_260,5
101_261,4
101_262,2
101_263,2
101_264,4
101_265,3
101_266,3
101_267,4
101_268,4
101_269,1
101_27,0
101_270,3
101_271,3
101_272,0
101_273,2
101_274,2
101_275,2
101_276,0
101_277,4
101_278,5
101_279,2
101_28,0
101_280,4
101_281,2
101_282,3
101_283,3
101_284,2
101_285,0
101_286,3
101_287,2
101_288,2
101_289,3
101_29,2
101_290,1
101_291,2
101_292,2
101_293,2
101_294,2
101_295,2
101_296,0
101_297,0
101_298,5
101_299,2
101_3,5
101_30,5
101_300,2
101_301,2
101_302,2
101_303,2
101_304,4
101_305,5
101_306,5
101_307,0
101_308,4
101_309,5
101_31,4
101_310,2
101_311,5
101_312,2
101_313,0
101_314,2
101_315,3
101_316,0
101_317,1
101_318,5
101_319,4
101_32,3
101_320,5
101_321,2
101_322,3
101_323,5
101_324,0
101_325,5
101_326,2
101_327,3
101_328,2
101_329,5
101_33,3
101_330,0
101_331,0
101_332,3
101_333,3
101_334,5
101_335,1
101_336,4
101_337,4
101_338,0
101_339,5
101_34,2
101_340,4
101_341,1
101_342,4
101_343,3
101_344,1
101_345,5
101_346,4
101_347,4
101_348,2
101_349,1
101_35,5
101_350,2
101_351,5
101_352,4
101_353,2
101_354,3
101_355,2
101_356,3
101_357,0
101_358,3
101_359,1
101_36,0
101_360,5
101_361,5
101_362,2
101_363,0
101_364,5
101_365,2
101_366,2
101_367,0
101_368,2
101_369,0
101_37,3
101_370,3
101_371,0
101_372,5
101_373,0
101_374,3
101_375,2
101_376,4
101_377,2
101_378,3
101_379,0
101_38,2
101_380,2
101_381,3
101_382,3
101_383,5
101_384,2
101_385,3
101_386,3
101_387,5
101_388,3
101_389,0
101_39,0
101_390,0
101_391,1
101_392,0
101_393,0
101_394,3
101_395,1
101_396,3
101_397,3
101_398,3
101_399,0
101_4,0
101_40,0
101_400,0
101_401,0
101_402,1
101_403,2
101_404,3
101_405,5
101_406,0
101_407,1
101_408,4
101_409,1
101_41,0
101_410,3
101_411,1
101_412,1
101_413,4
101_414,2
101_415,5
101_416,1
101_417,3
101_418,5
101_419,5
101_42,2
101_420,1
101_421,0
101_422,0
101_423,1
101_424,4
101_425,3
101_426,5
101_427,1
101_428,0
101_429,0
101_43,3
101_430,3
101_431,3
101_432,0
101_433,2
101_434,5
101_435,1
101_436,2
101_437,0
101_438,2
101_439,2
101_44,5
101_440,4
101_441,1
101_442,0
101_443,3
101_444,1
101_445,2
101_446,3
101_447,0
101_448,1
101_449,4
101_45,0
101_450,2
101_451,0
101_452,2
101_453,0
101_454,2
101_455,4
101_456,1
101_457,2
101_458,3
101_459,3
101_46,5
101_460,5
101_461,1
101_462,5
101_463,0
101_464,5
101_465,2
101_466,5
101_467,0
101_468,4
101_469,2
101_47,5
101_470,5
101_471,5
101_472,3
101_473,4
101_474,5
101_475,2
101_476,3
101_477,0
101_478,4
101_479,4
101_48,2
101_480,4
101_481,3
101_482,4
101_483,3
101_484,2
101_485,3
101_486,3
101_487,5
101_488,2
101_489,3
101_49,3
101_490,0
101_492,5
101_493,3
101_494,1
101_495,3
101_496,0
101_497,0
101_498,5
101_499,0
101_5,5
101_50,2
101_500,5
101_501,3
101_502,4
101_503,3
101_504,4
101_505,3
101_506,4
101_507,0
101_508,3
101_509,0
101_51,0
101_510,3
101_511,4
101_512,4
101_513,3
101_514,4
101_515,3
101_516,0
101_517,2
101_518,2
101_519,0
101_52,1
101_520,3
101_521,2
101_522,5
101_523,3
101_524,3
101_525,3
101_526,5
101_527,2
101_528,5
101_53,2
101_530,1
101_531,1
101_532,4
101_533,5
101_534,1
101_535,4
101_536,3
101_537,2
101_538,2
101_539,1
101_54,3
101_540,0
101_541,1
101_542,5
101_543,2
101_544,4
101_545,4
101_546,3
101_547,2
101_548,5
101_549,0
101_55,3
101_550,0
101_551,1
101_552,0
101_553,2
101_554,4
101_555,0
101_556,5
101_557,4
101_558,2
101_559,3
101_56,3
101_560,2
101_561,2
101_562,1
101_563,4
101_564,1
101_565,1
101_566,0
101_567,3
101_568,5
101_569,1
101_57,3
101_570,3
101_571,5
101_572,0
101_573,3
101_574,5
101_575,2
101_576,3
101_577,5
101_578,2
101_579,5
101_58,3
101_580,2
101_581,4
101_582,0
101_583,0
101_584,0
101_585,3
101_586,1
101_587,5
101_588,2
101_589,3
101_59,0
101_590,5
101_591,5
101_592,3
101_593,5
101_594,4
101_595,4
101_596,4
101_597,2
101_598,4
101_599,3
101_6,4
101_60,1
101_600,1
101_601,0
101_602,5
101_603,4
101_604,3
101_605,0
101_606,4
101_607,5
101_608,4
101_609,3
101_61,0
101_610,2
101_611,5
101_612,4
101_613,5
101_614,3
101_615,4
101_616,3
101_617,0
101_618,0
101_619,2
101_62,3
101_620,4
101_621,3
101_622,1
101_623,5
101_624,5
101_625,5
101_626,3
101_627,1
101_628,2
101_629,4
101_63,4
101_630,5
101_631,0
101_632,4
101_633,2
101_634,2
101_635,3
101_636,4
101_637,5
101_638,3
101_639,0
101_64,0
101_640,2
101_641,2
101_642,1
101_643,4
101_644,2
101_645,0
101_646,0
101_647,2
101_648,0
101_649,3
101_65,3
101_650,3
101_651,4
101_652,0
101_653,1
101_654,2
101_655,2
101_656,2
101_657,2
101_658,2
101_659,1
101_66,2
101_660,2
101_661,4
101_662,3
101_663,2
101_664,3
101_665,5
101_666,2
101_667,3
101_668,0
101_669,0
101_67,4
101_670,2
101_671,5
101_672,5
101_673,5
101_674,0
101_675,5
101_676,5
101_677,5
101_678,5
101_679,5
101_68,2
101_680,4
101_681,5
101_682,1
101_683,3
101_684,3
101_685,5
101_686,5
101_687,2
101_688,5
101_689,5
101_69,2
101_690,5
101_691,5
101_692,2
101_693,2
101_694,4
101_695,4
101_696,5
101_697,4
101_698,0
101_699,1
101_7,2
101_70,2
101_700,3
101_701,0
101_702,3
101_703,3
101_704,2
101_705,4
101_706,3
101_707,0
101_708,4
101_709,5
101_71,2
101_710,5
101_711,0
101_712,5
101_713,2
101_714,1
101_715,4
101_716,2
101_717,2
101_718,2
101_719,1
101_72,2
101_720,0
101_721,2
101_722,1
101_723,2
101_724,4
101_725,0
101_726,5
101_727,2
101_728,0
101_729,5
101_73,5
101_730,5
101_731,2
101_732,0
101_733,3
101_734,2
101_735,2
101_736,0
101_737,0
101_738,5
101_739,5
101_74,5
101_740,5
101_741,4
101_742,4
101_743,1
101_744,0
101_745,5
101_746,3
101_747,1
101_748,5
101_749,3
101_75,2
101_750,2
101_751,4
101_752,4
101_753,1
101_754,5
101_755,1
101_756,5
101_757,4
101_758,3
101_759,1
101_76,0
101_760,5
101_761,4
101_762,5
101_763,1
101_764,4
101_765,4
101_766,2
101_767,0
101_768,1
101_769,0
101_77,3
101_770,2
101_771,0
101_772,0
101_773,3
101_774,0
101_775,0
101_776,0
101_777,3
101_778,3
101_779,4
101_78,3
101_780,1
101_781,0
101_782,4
101_783,4
101_784,2
101_785,2
101_786,3
101_787,5
101_788,0
101_789,0
101_79,2
101_790,5
101_791,2
101_792,2
101_793,2
101_794,2
101_795,2
101_796,3
101_797,0
101_798,4
101_799,2
101_8,0
101_80,0
101_800,0
101_801,2
101_802,2
101_803,4
101_804,2
101_805,5
101_806,3
101_807,5
101_808,0
101_809,3
101_81,0
101_810,2
101_811,4
101_812,0
101_813,0
101_814,5
101_815,2
101_816,3
101_817,5
101_818,0
101_819,0
101_82,4
101_820,2
101_821,3
101_822,3
101_823,4
101_824,5
101_825,2
101_826,2
101_827,3
101_828,2
101_829,5
101_83,0
101_830,2
101_831,0
101_832,2
101_833,5
101_834,5
101_835,0
101_836,5
101_837,0
101_838,3
101_839,4
101_84,5
101_840,3
101_841,2
101_842,2
101_843,2
101_844,2
101_845,2
101_846,5
101_847,5
101_848,2
101_849,2
101_85,5
101_850,1
101_851,2
101_852,2
101_853,5
101_854,0
101_855,5
101_856,5
101_857,2
101_858,2
101_859,2
101_86,1
101_860,0
101_861,3
101_862,1
101_863,4
101_864,4
101_865,5
101_866,5
101_867,0
101_868,1
101_869,5
101_870,1
101_871,5
101_872,2
101_873,0
101_874,5
101_875,5
101_876,2
101_877,2
101_878,5
101_879,2
101_880,2
101_881,5
101_882,5
101_883,2
101_884,5
101_885,3
101_886,5
101_887,5
101_888,0
101_889,0
101_89,4
101_890,5
101_891,4
101_892,1
101_894,5
101_895,4
101_896,5
101_897,3
101_898,0
101_899,2
101_9,4
101_90,4
101_900,2
101_901,4
101_902,2
101_903,3
101_904,2
101_905,0
101_906,2
101_907,3
101_908,5
101_909,1
101_91,0
101_910,3
101_911,0
101_912,0
101_913,0
101_914,0
101_915,4
101_916,2
101_917,3
101_918,5
101_919,5
101_92,0
101_920,4
101_921,3
101_922,3
101_923,4
101_924,0
101_925,2
101_926,3
101_927,3
101_928,0
101_929,3
101_93,0
101_930,2
101_931,3
101_932,4
101_933,3
101_934,3
101_935,3
101_936,0
101_937,3
101_938,2
101_939,2
101_94,3
101_940,2
101_941,5
101_942,2
101_943,0
101_944,2
101_945,0
101_946,0
101_947,3
101_948,0
101_949,4
101_95,2
101_950,2
101_951,2
101_952,2
101_953,5
101_954,0
101_955,0
101_956,3
101_957,1
101_958,0
101_959,5
101_96,4
101_960,5
101_961,2
101_962,1
101_963,5
101_964,5
101_965,2
101_966,5
101_967,4
101_968,5
101_969,3
101_97,3
101_970,0
101_971,0
101_972,1
101_973,1
101_974,4
101_975,1
101_976,5
101_977,0
101_978,4
101_979,2
101_98,3
101_980,0
101_981,3
101_982,0
101_983,5
101_984,2
101_985,0
101_986,2
101_987,4
101_988,3
101_989,0
101_99,2
101_990,2
101_991,3
101_992,0
101_993,1
101_994,3
101_995,2
101_996,5
101_997,0
101_998,1
147_1,3
147_10,3
147_100,1
147_101,2
147_102,3
147_103,3
147_104,5
147_105,2
147_106,5
147_107,5
147_108,2
147_109,2
147_11,0
147_110,2
147_111,2
147_112,5
147_113,5
147_114,3
147_115,3
147_116,2
147_117,2
147_118,2
147_119,2
147_12,5
147_120,0
147_121,1
147_122,1
147_123,2
147_124,1
147_125,2
147_126,2
147_127,4
147_128,5
147_129,2
147_13,3
147_130,0
147_131,0
147_132,2
147_133,0
147_134,2
147_135,3
147_136,0
147_137,2
147_138,5
147_139,5
147_14,5
147_140,2
147_141,0
147_142,4
147_143,3
147_144,2
147_145,5
147_146,5
147_147,0
147_148,2
147_149,4
147_15,2
147_150,2
147_151,3
147_152,2
147_153,1
147_154,4
147_155,2
147_156,2
147_157,2
147_158,0
147_159,3
147_16,0
147_160,5
147_161,2
147_162,3
147_163,1
147_164,1
147_165,0
147_166,2
147_167,0
147_168,5
147_169,0
147_17,5
147_170,4
147_171,2
147_172,4
147_173,2
147_174,1
147_175,2
147_176,5
147_177,2
147_178,1
147_179,2
147_18,2
147_180,1
147_181,2
147_182,0
147_183,0
147_184,4
147_185,1
147_186,5
147_187,2
147_188,2
147_189,3
147_19,3
147_190,3
147_191,2
147_192,3
147_193,2
147_194,3
147_195,4
147_196,1
147_197,2
147_198,3
147_199,3
147_2,3
147_20,5
147_200,1
147_201,2
147_202,0
147_203,1
147_204,2
147_205,3
147_206,3
147_207,2
147_208,4
147_209,2
147_21,4
147_210,2
147_211,2
147_212,3
147_213,2
147_214,2
147_215,2
147_216,2
147_217,2
147_218,2
147_219,3
147_22,4
147_220,2
147_221,4
147_222,4
147_223,5
147_224,2
147_225,3
147_226,0
147_227,2
147_228,0
147_229,1
147_23,3
147_230,4
147_231,4
147_232,0
147_233,5
147_235,2
147_236,0
147_237,4
147_24,4
147_25,1
147_26,3
147_27,2
147_28,5
147_29,0
147_3,3
147_30,5
147_31,2
147_32,3
147_33,5
147_34,2
147_35,2
147_36,0
147_37,2
147_38,5
147_39,3
147_4,2
147_40,5
147_41,2
147_42,2
147_43,0
147_44,3
147_45,3
147_46,5
147_47,1
147_48,0
147_49,3
147_5,4
147_50,0
147_51,5
147_52,3
147_53,2
147_54,2
147_55,0
147_56,0
147_57,3
147_58,2
147_59,0
147_6,2
147_60,5
147_61,0
147_62,3
147_63,5
147_64,1
147_65,2
147_66,5
147_67,5
147_68,2
147_69,0
147_7,2
147_70,1
147_71,5
147_72,2
147_73,2
147_74,2
147_75,5
147_76,3
147_77,0
147_78,2
147_79,5
147_8,5
147_80,5
147_81,5
147_82,3
147_83,1
147_84,5
147_85,3
147_86,2
147_87,3
147_88,5
147_89,5
147_9,2
147_90,5
147_91,5
147_92,2
147_93,2
147_94,2
147_95,5
147_96,5
147_97,2
147_98,3
147_99,2
